id,group_id,cat_id,producer_id,name,alias,language,description,intro_desc,price,special_price,tax_rate_id,available,metatitle,metakey,metadesc,published,ordering,featured,hits,params,checked_out,checked_out_time,created,created_by,publish_up,publish_down,category_name,producer_name,author
94,,27,,2P-COLOR,en-2p-color,,"<p>SAPIENCE HIGH QUALITY OUTER CABLE </p>
<p> </p>
<p>*SAPIENCE BRAKE OUTER CABLE: 5mm. </p>
<p>*SAPIENCE DERAILLEUR OUTER CABLE: 4mm. </p>
<p> </p>
<p>EXCELLENT QUALITY WITH COLORFUL OPTION. </p>
<p>EN STANDARD. </p>
<p> </p>
<p>AM PACKING:50M/BOX OR 30M/BOX </p>
<p> </p>
<p>OEM PACKING:500M/ROLL </p>
<p> </p>
<p> </p>
<p>OTHER ADVANCED OPTION: KEVLAR YARN </p>
<p>DOUBLR ENTWINED KEVLAR </p>
<p>SILICONE OIL INJECTION </p>",,0.00,0.00,,1,,,,1,3,,,"{""show_contact_form"":"""",""comments"":"""",""price_restrict"":"""",""show_image_item"":"""",""show_category_name_item"":"""",""show_producer_name_item"":"""",""show_price_item"":"""",""show_old_price_item"":"""",""show_author_item"":"""",""show_hits_item"":"""",""show_date_item"":"""",""show_publishdate_item"":"""",""items_show_cart_button_item"":"""",""show_intro_desc_item"":"""",""show_navigation"":"""",""related_items_columns"":"""",""related_items_count"":""""}",,"0000-00-00 00:00:00","2015-04-24 08:21:28",584,"0000-00-00 00:00:00","0000-00-00 00:00:00","OUTER & INNER CABLE",,
147,,30,,2P-CUP,en-2p-cup,,,,0.00,0.00,,1,,,,1,2,,,"{""show_contact_form"":"""",""comments"":"""",""price_restrict"":"""",""show_image_item"":"""",""show_category_name_item"":"""",""show_producer_name_item"":"""",""show_price_item"":"""",""show_old_price_item"":"""",""show_author_item"":"""",""show_hits_item"":"""",""show_date_item"":"""",""show_publishdate_item"":"""",""items_show_cart_button_item"":"""",""show_intro_desc_item"":"""",""show_navigation"":"""",""related_items_columns"":"""",""related_items_count"":""""}",,"0000-00-00 00:00:00","2015-06-08 15:13:15",586,"0000-00-00 00:00:00","0000-00-00 00:00:00","BRAKE PARTS",,
302,,30,,2P-CUP-PLASTIC-4MM,en-2p-cup-plastic-4mm,,,,0.00,0.00,,1,,,,1,3,,,"{""show_contact_form"":"""",""comments"":"""",""price_restrict"":"""",""show_image_item"":"""",""show_category_name_item"":"""",""show_producer_name_item"":"""",""show_price_item"":"""",""show_old_price_item"":"""",""show_author_item"":"""",""show_hits_item"":"""",""show_date_item"":"""",""show_publishdate_item"":"""",""items_show_cart_button_item"":"""",""show_intro_desc_item"":"""",""show_navigation"":"""",""related_items_columns"":"""",""related_items_count"":""""}",,"0000-00-00 00:00:00","2015-06-15 08:22:45",586,"0000-00-00 00:00:00","0000-00-00 00:00:00","BRAKE PARTS",,
304,,30,,2P-CUP-PLASTIC-4MM-1,2p-cup-plastic-4mm-1,,,,0.00,0.00,,1,,,,1,4,,,"{""show_contact_form"":"""",""comments"":"""",""price_restrict"":"""",""show_image_item"":"""",""show_category_name_item"":"""",""show_producer_name_item"":"""",""show_price_item"":"""",""show_old_price_item"":"""",""show_author_item"":"""",""show_hits_item"":"""",""show_date_item"":"""",""show_publishdate_item"":"""",""items_show_cart_button_item"":"""",""show_intro_desc_item"":"""",""show_navigation"":"""",""related_items_columns"":"""",""related_items_count"":""""}",,"0000-00-00 00:00:00","2015-06-15 08:25:04",586,"0000-00-00 00:00:00","0000-00-00 00:00:00","BRAKE PARTS",,
306,,30,,2P-CUP-PLASTIC-5MM,2p-cup-plastic-5mm,,,,0.00,0.00,,1,,,,1,5,,,"{""show_contact_form"":"""",""comments"":"""",""price_restrict"":"""",""show_image_item"":"""",""show_category_name_item"":"""",""show_producer_name_item"":"""",""show_price_item"":"""",""show_old_price_item"":"""",""show_author_item"":"""",""show_hits_item"":"""",""show_date_item"":"""",""show_publishdate_item"":"""",""items_show_cart_button_item"":"""",""show_intro_desc_item"":"""",""show_navigation"":"""",""related_items_columns"":"""",""related_items_count"":""""}",,"0000-00-00 00:00:00","2015-06-15 08:27:27",586,"0000-00-00 00:00:00","0000-00-00 00:00:00","BRAKE PARTS",,
92,,27,,2P-END,en-2p-end,,"<p>SAPIENCE COLORFUL INNER CABLE END CAP. </p>
<p>COLOR OPTION: BLUE / PINK / ORANGE / RED / SILVER / GREEN / BLACK / PURPLE / GOLDEN </p>
<p>SAPIENCE AFTER MARKET PACKING. 500PCS/BOTTLE. </p>",,0.00,0.00,,1,,,,1,1,,2,"{""show_contact_form"":"""",""comments"":"""",""price_restrict"":"""",""show_image_item"":"""",""show_category_name_item"":"""",""show_producer_name_item"":"""",""show_price_item"":"""",""show_old_price_item"":"""",""show_author_item"":"""",""show_hits_item"":"""",""show_date_item"":"""",""show_publishdate_item"":"""",""items_show_cart_button_item"":"""",""show_intro_desc_item"":"""",""show_navigation"":"""",""related_items_columns"":"""",""related_items_count"":""""}",586,"2015-06-10 05:59:45","2015-04-24 08:21:28",584,"0000-00-00 00:00:00","0000-00-00 00:00:00","OUTER & INNER CABLE",,sapience
92,,27,,2P-END,en-2p-end,,"<p>SAPIENCE COLORFUL INNER CABLE END CAP. </p>
<p>COLOR OPTION: BLUE / PINK / ORANGE / RED / SILVER / GREEN / BLACK / PURPLE / GOLDEN </p>
<p>SAPIENCE AFTER MARKET PACKING. 500PCS/BOTTLE. </p>",,0.00,0.00,,1,,,,1,1,,2,"{""show_contact_form"":"""",""comments"":"""",""price_restrict"":"""",""show_image_item"":"""",""show_category_name_item"":"""",""show_producer_name_item"":"""",""show_price_item"":"""",""show_old_price_item"":"""",""show_author_item"":"""",""show_hits_item"":"""",""show_date_item"":"""",""show_publishdate_item"":"""",""items_show_cart_button_item"":"""",""show_intro_desc_item"":"""",""show_navigation"":"""",""related_items_columns"":"""",""related_items_count"":""""}",586,"2015-06-10 05:59:45","2015-04-24 08:21:28",584,"0000-00-00 00:00:00","0000-00-00 00:00:00","OUTER & INNER CABLE",,sapience
308,,30,,2P-END-PLASTIC,en-2p-end-plastic,,,,0.00,0.00,,1,,,,1,6,,,"{""show_contact_form"":"""",""comments"":"""",""price_restrict"":"""",""show_image_item"":"""",""show_category_name_item"":"""",""show_producer_name_item"":"""",""show_price_item"":"""",""show_old_price_item"":"""",""show_author_item"":"""",""show_hits_item"":"""",""show_date_item"":"""",""show_publishdate_item"":"""",""items_show_cart_button_item"":"""",""show_intro_desc_item"":"""",""show_navigation"":"""",""related_items_columns"":"""",""related_items_count"":""""}",,"0000-00-00 00:00:00","2015-06-15 08:39:16",586,"0000-00-00 00:00:00","0000-00-00 00:00:00","BRAKE PARTS",,
310,,30,,2P-END-SHEATH,en-2p-ed-sheath,,,,0.00,0.00,,1,,,,1,7,,1,"{""show_contact_form"":"""",""comments"":"""",""price_restrict"":"""",""show_image_item"":"""",""show_category_name_item"":"""",""show_producer_name_item"":"""",""show_price_item"":"""",""show_old_price_item"":"""",""show_author_item"":"""",""show_hits_item"":"""",""show_date_item"":"""",""show_publishdate_item"":"""",""items_show_cart_button_item"":"""",""show_intro_desc_item"":"""",""show_navigation"":"""",""related_items_columns"":"""",""related_items_count"":""""}",586,"2015-06-30 02:28:48","2015-06-15 08:41:52",586,"0000-00-00 00:00:00","0000-00-00 00:00:00","BRAKE PARTS",,sapience
310,,30,,2P-END-SHEATH,en-2p-ed-sheath,,,,0.00,0.00,,1,,,,1,7,,1,"{""show_contact_form"":"""",""comments"":"""",""price_restrict"":"""",""show_image_item"":"""",""show_category_name_item"":"""",""show_producer_name_item"":"""",""show_price_item"":"""",""show_old_price_item"":"""",""show_author_item"":"""",""show_hits_item"":"""",""show_date_item"":"""",""show_publishdate_item"":"""",""items_show_cart_button_item"":"""",""show_intro_desc_item"":"""",""show_navigation"":"""",""related_items_columns"":"""",""related_items_count"":""""}",586,"2015-06-30 02:28:48","2015-06-15 08:41:52",586,"0000-00-00 00:00:00","0000-00-00 00:00:00","BRAKE PARTS",,sapience
145,,30,,2P-GUIDE,en-2p-guide,,,,0.00,0.00,,1,,,,1,1,,,"{""show_contact_form"":"""",""comments"":"""",""price_restrict"":"""",""show_image_item"":"""",""show_category_name_item"":"""",""show_producer_name_item"":"""",""show_price_item"":"""",""show_old_price_item"":"""",""show_author_item"":"""",""show_hits_item"":"""",""show_date_item"":"""",""show_publishdate_item"":"""",""items_show_cart_button_item"":"""",""show_intro_desc_item"":"""",""show_navigation"":"""",""related_items_columns"":"""",""related_items_count"":""""}",,"0000-00-00 00:00:00","2015-06-08 15:10:32",586,"0000-00-00 00:00:00","0000-00-00 00:00:00","BRAKE PARTS",,
93,,27,,2P-NI,en-2p-ni,,"<p>SAPIENCE PROFESSIONAL NANOMETER TEFLON INNER CABLE. </p>
<p>2P-NI-PROFESSIONAL-MTB BRAKE INNER CABLE FOR MTB. 1.5mmX1700mm. </p>
<p>2P-NI-PROFESSIONAL-RACE BRAKE INNER CABLE FOR RACEING BIKE. 1.5mmX1700mm. </p>
<p>SP-NI-PROFESSIONAL DERAILLEUR INNER CABLE. 1.1mmX2100mm. </p>
<p> </p>
<p>SLICK STAINLESS. </p>
<p>NANOMETER TEFLON PROCESSING. </p>
<p>MAKE BRAKE and DERAILLEUR SYSTEM VERY SMOOTH. </p>
<p>COLOR OPTION: BLUE / PINK / ORANGE / RED / WHITE / GREEN / YELLOW </p>
<p>SAPIENCE AFTER MARKET PACKING. (1PCS IN HANG CARD)</p>",,0.00,0.00,,1,,,,1,2,,,"{""show_contact_form"":"""",""comments"":"""",""price_restrict"":"""",""show_image_item"":"""",""show_category_name_item"":"""",""show_producer_name_item"":"""",""show_price_item"":"""",""show_old_price_item"":"""",""show_author_item"":"""",""show_hits_item"":"""",""show_date_item"":"""",""show_publishdate_item"":"""",""items_show_cart_button_item"":"""",""show_intro_desc_item"":"""",""show_navigation"":"""",""related_items_columns"":"""",""related_items_count"":""""}",,"0000-00-00 00:00:00","2015-04-24 08:21:28",584,"0000-00-00 00:00:00","0000-00-00 00:00:00","OUTER & INNER CABLE",,
101,,34,,B-112-24S-42T,en-b-112-24s-42t,,"<p>20""MINI VELO</p>",,0.00,0.00,,1,,,,1,1,,,"{""show_contact_form"":"""",""comments"":"""",""price_restrict"":"""",""show_image_item"":"""",""show_category_name_item"":"""",""show_producer_name_item"":"""",""show_price_item"":"""",""show_old_price_item"":"""",""show_author_item"":"""",""show_hits_item"":"""",""show_date_item"":"""",""show_publishdate_item"":"""",""items_show_cart_button_item"":"""",""show_intro_desc_item"":"""",""show_navigation"":"""",""related_items_columns"":"""",""related_items_count"":""""}",,"0000-00-00 00:00:00","2015-04-24 08:21:28",584,"0000-00-00 00:00:00","0000-00-00 00:00:00","MINI VELO",,
115,,31,,DT-030,en-dt-030,,,,0.00,0.00,,1,,,,1,1,,1,"{""show_contact_form"":"""",""comments"":"""",""price_restrict"":"""",""show_image_item"":"""",""show_category_name_item"":"""",""show_producer_name_item"":"""",""show_price_item"":"""",""show_old_price_item"":"""",""show_author_item"":"""",""show_hits_item"":"""",""show_date_item"":"""",""show_publishdate_item"":"""",""items_show_cart_button_item"":"""",""show_intro_desc_item"":"""",""show_navigation"":"""",""related_items_columns"":"""",""related_items_count"":""""}",,"0000-00-00 00:00:00","2015-06-08 03:27:05",586,"0000-00-00 00:00:00","0000-00-00 00:00:00",TOOLS,,
316,,31,,DT-031,en-dt-31,,,,0.00,0.00,,1,,,,1,8,,,"{""show_contact_form"":"""",""comments"":"""",""price_restrict"":"""",""show_image_item"":"""",""show_category_name_item"":"""",""show_producer_name_item"":"""",""show_price_item"":"""",""show_old_price_item"":"""",""show_author_item"":"""",""show_hits_item"":"""",""show_date_item"":"""",""show_publishdate_item"":"""",""items_show_cart_button_item"":"""",""show_intro_desc_item"":"""",""show_navigation"":"""",""related_items_columns"":"""",""related_items_count"":""""}",,"0000-00-00 00:00:00","2015-06-15 08:58:49",586,"0000-00-00 00:00:00","0000-00-00 00:00:00",TOOLS,,
314,,31,,DT-032,en-dt-032,,,,0.00,0.00,,1,,,,1,7,,1,"{""show_contact_form"":"""",""comments"":"""",""price_restrict"":"""",""show_image_item"":"""",""show_category_name_item"":"""",""show_producer_name_item"":"""",""show_price_item"":"""",""show_old_price_item"":"""",""show_author_item"":"""",""show_hits_item"":"""",""show_date_item"":"""",""show_publishdate_item"":"""",""items_show_cart_button_item"":"""",""show_intro_desc_item"":"""",""show_navigation"":"""",""related_items_columns"":"""",""related_items_count"":""""}",,"0000-00-00 00:00:00","2015-06-15 08:57:21",586,"0000-00-00 00:00:00","0000-00-00 00:00:00",TOOLS,,
312,,31,,DT-033,en-dt-033,,,,0.00,0.00,,1,,,,1,6,,,"{""show_contact_form"":"""",""comments"":"""",""price_restrict"":"""",""show_image_item"":"""",""show_category_name_item"":"""",""show_producer_name_item"":"""",""show_price_item"":"""",""show_old_price_item"":"""",""show_author_item"":"""",""show_hits_item"":"""",""show_date_item"":"""",""show_publishdate_item"":"""",""items_show_cart_button_item"":"""",""show_intro_desc_item"":"""",""show_navigation"":"""",""related_items_columns"":"""",""related_items_count"":""""}",,"0000-00-00 00:00:00","2015-06-15 08:54:54",586,"0000-00-00 00:00:00","0000-00-00 00:00:00",TOOLS,,
175,,31,,DT-035,en-dt-035,,,,0.00,0.00,,1,,,,1,5,,1,"{""show_contact_form"":"""",""comments"":"""",""price_restrict"":"""",""show_image_item"":"""",""show_category_name_item"":"""",""show_producer_name_item"":"""",""show_price_item"":"""",""show_old_price_item"":"""",""show_author_item"":"""",""show_hits_item"":"""",""show_date_item"":"""",""show_publishdate_item"":"""",""items_show_cart_button_item"":"""",""show_intro_desc_item"":"""",""show_navigation"":"""",""related_items_columns"":"""",""related_items_count"":""""}",,"0000-00-00 00:00:00","2015-06-10 05:49:33",586,"0000-00-00 00:00:00","0000-00-00 00:00:00",TOOLS,,
119,,31,,DT-036,en-dt-036,,,,0.00,0.00,,1,,,,1,3,,2,"{""show_contact_form"":"""",""comments"":"""",""price_restrict"":"""",""show_image_item"":"""",""show_category_name_item"":"""",""show_producer_name_item"":"""",""show_price_item"":"""",""show_old_price_item"":"""",""show_author_item"":"""",""show_hits_item"":"""",""show_date_item"":"""",""show_publishdate_item"":"""",""items_show_cart_button_item"":"""",""show_intro_desc_item"":"""",""show_navigation"":"""",""related_items_columns"":"""",""related_items_count"":""""}",,"0000-00-00 00:00:00","2015-06-08 03:30:57",586,"0000-00-00 00:00:00","0000-00-00 00:00:00",TOOLS,,
173,,31,,DT-037,en-dt-037,,,,0.00,0.00,,1,,,,1,4,,1,"{""show_contact_form"":"""",""comments"":"""",""price_restrict"":"""",""show_image_item"":"""",""show_category_name_item"":"""",""show_producer_name_item"":"""",""show_price_item"":"""",""show_old_price_item"":"""",""show_author_item"":"""",""show_hits_item"":"""",""show_date_item"":"""",""show_publishdate_item"":"""",""items_show_cart_button_item"":"""",""show_intro_desc_item"":"""",""show_navigation"":"""",""related_items_columns"":"""",""related_items_count"":""""}",,"0000-00-00 00:00:00","2015-06-10 05:46:54",586,"0000-00-00 00:00:00","0000-00-00 00:00:00",TOOLS,,
173,,31,,DT-037,en-dt-037,,,,0.00,0.00,,1,,,,1,4,,1,"{""show_contact_form"":"""",""comments"":"""",""price_restrict"":"""",""show_image_item"":"""",""show_category_name_item"":"""",""show_producer_name_item"":"""",""show_price_item"":"""",""show_old_price_item"":"""",""show_author_item"":"""",""show_hits_item"":"""",""show_date_item"":"""",""show_publishdate_item"":"""",""items_show_cart_button_item"":"""",""show_intro_desc_item"":"""",""show_navigation"":"""",""related_items_columns"":"""",""related_items_count"":""""}",,"0000-00-00 00:00:00","2015-06-10 05:46:54",586,"0000-00-00 00:00:00","0000-00-00 00:00:00",TOOLS,,
332,,31,,DT-042,en-dt-042,,,,0.00,0.00,,1,,,,1,9,,,"{""show_contact_form"":"""",""comments"":"""",""price_restrict"":"""",""show_image_item"":"""",""show_category_name_item"":"""",""show_producer_name_item"":"""",""show_price_item"":"""",""show_old_price_item"":"""",""show_author_item"":"""",""show_hits_item"":"""",""show_date_item"":"""",""show_publishdate_item"":"""",""items_show_cart_button_item"":"""",""show_intro_desc_item"":"""",""show_navigation"":"""",""related_items_columns"":"""",""related_items_count"":""""}",,"0000-00-00 00:00:00","2015-06-29 08:40:13",586,"0000-00-00 00:00:00","0000-00-00 00:00:00",TOOLS,,
117,,31,,DT-050,en-dt-050,,,,0.00,0.00,,1,,,,1,2,1,1,"{""show_contact_form"":"""",""comments"":"""",""price_restrict"":"""",""show_image_item"":"""",""show_category_name_item"":"""",""show_producer_name_item"":"""",""show_price_item"":"""",""show_old_price_item"":"""",""show_author_item"":"""",""show_hits_item"":"""",""show_date_item"":"""",""show_publishdate_item"":"""",""items_show_cart_button_item"":"""",""show_intro_desc_item"":"""",""show_navigation"":"""",""related_items_columns"":"""",""related_items_count"":""""}",,"0000-00-00 00:00:00","2015-06-08 03:28:20",586,"0000-00-00 00:00:00","0000-00-00 00:00:00",TOOLS,,
356,,31,,DT-051,en-dt-051,,,,0.00,0.00,,1,,,,1,21,,,"{""show_contact_form"":"""",""comments"":"""",""price_restrict"":"""",""show_image_item"":"""",""show_category_name_item"":"""",""show_producer_name_item"":"""",""show_price_item"":"""",""show_old_price_item"":"""",""show_author_item"":"""",""show_hits_item"":"""",""show_date_item"":"""",""show_publishdate_item"":"""",""items_show_cart_button_item"":"""",""show_intro_desc_item"":"""",""show_navigation"":"""",""related_items_columns"":"""",""related_items_count"":""""}",,"0000-00-00 00:00:00","2015-06-29 09:05:38",586,"0000-00-00 00:00:00","0000-00-00 00:00:00",TOOLS,,
354,,31,,DT-052,en-dt-052,,,,0.00,0.00,,1,,,,1,20,,,"{""show_contact_form"":"""",""comments"":"""",""price_restrict"":"""",""show_image_item"":"""",""show_category_name_item"":"""",""show_producer_name_item"":"""",""show_price_item"":"""",""show_old_price_item"":"""",""show_author_item"":"""",""show_hits_item"":"""",""show_date_item"":"""",""show_publishdate_item"":"""",""items_show_cart_button_item"":"""",""show_intro_desc_item"":"""",""show_navigation"":"""",""related_items_columns"":"""",""related_items_count"":""""}",,"0000-00-00 00:00:00","2015-06-29 09:04:38",586,"0000-00-00 00:00:00","0000-00-00 00:00:00",TOOLS,,
352,,31,,DT-053,en-dt-053,,,,0.00,0.00,,1,,,,1,19,,,"{""show_contact_form"":"""",""comments"":"""",""price_restrict"":"""",""show_image_item"":"""",""show_category_name_item"":"""",""show_producer_name_item"":"""",""show_price_item"":"""",""show_old_price_item"":"""",""show_author_item"":"""",""show_hits_item"":"""",""show_date_item"":"""",""show_publishdate_item"":"""",""items_show_cart_button_item"":"""",""show_intro_desc_item"":"""",""show_navigation"":"""",""related_items_columns"":"""",""related_items_count"":""""}",,"0000-00-00 00:00:00","2015-06-29 09:02:39",586,"0000-00-00 00:00:00","0000-00-00 00:00:00",TOOLS,,
350,,31,,DT-054,en-dt-054,,,,0.00,0.00,,1,,,,1,18,,,"{""show_contact_form"":"""",""comments"":"""",""price_restrict"":"""",""show_image_item"":"""",""show_category_name_item"":"""",""show_producer_name_item"":"""",""show_price_item"":"""",""show_old_price_item"":"""",""show_author_item"":"""",""show_hits_item"":"""",""show_date_item"":"""",""show_publishdate_item"":"""",""items_show_cart_button_item"":"""",""show_intro_desc_item"":"""",""show_navigation"":"""",""related_items_columns"":"""",""related_items_count"":""""}",,"0000-00-00 00:00:00","2015-06-29 08:59:17",586,"0000-00-00 00:00:00","0000-00-00 00:00:00",TOOLS,,
348,,31,,DT-055,en-dt-055,,,,0.00,0.00,,1,,,,1,17,,,"{""show_contact_form"":"""",""comments"":"""",""price_restrict"":"""",""show_image_item"":"""",""show_category_name_item"":"""",""show_producer_name_item"":"""",""show_price_item"":"""",""show_old_price_item"":"""",""show_author_item"":"""",""show_hits_item"":"""",""show_date_item"":"""",""show_publishdate_item"":"""",""items_show_cart_button_item"":"""",""show_intro_desc_item"":"""",""show_navigation"":"""",""related_items_columns"":"""",""related_items_count"":""""}",,"0000-00-00 00:00:00","2015-06-29 08:58:12",586,"0000-00-00 00:00:00","0000-00-00 00:00:00",TOOLS,,
346,,31,,DT-056,en-dt-056,,,,0.00,0.00,,1,,,,1,16,,,"{""show_contact_form"":"""",""comments"":"""",""price_restrict"":"""",""show_image_item"":"""",""show_category_name_item"":"""",""show_producer_name_item"":"""",""show_price_item"":"""",""show_old_price_item"":"""",""show_author_item"":"""",""show_hits_item"":"""",""show_date_item"":"""",""show_publishdate_item"":"""",""items_show_cart_button_item"":"""",""show_intro_desc_item"":"""",""show_navigation"":"""",""related_items_columns"":"""",""related_items_count"":""""}",,"0000-00-00 00:00:00","2015-06-29 08:56:52",586,"0000-00-00 00:00:00","0000-00-00 00:00:00",TOOLS,,
344,,31,,DT-057,en-dt-057,,,,0.00,0.00,,1,,,,1,15,,,"{""show_contact_form"":"""",""comments"":"""",""price_restrict"":"""",""show_image_item"":"""",""show_category_name_item"":"""",""show_producer_name_item"":"""",""show_price_item"":"""",""show_old_price_item"":"""",""show_author_item"":"""",""show_hits_item"":"""",""show_date_item"":"""",""show_publishdate_item"":"""",""items_show_cart_button_item"":"""",""show_intro_desc_item"":"""",""show_navigation"":"""",""related_items_columns"":"""",""related_items_count"":""""}",,"0000-00-00 00:00:00","2015-06-29 08:54:49",586,"0000-00-00 00:00:00","0000-00-00 00:00:00",TOOLS,,
342,,31,,DT-058,en-dt-058,,,,0.00,0.00,,1,,,,1,14,,,"{""show_contact_form"":"""",""comments"":"""",""price_restrict"":"""",""show_image_item"":"""",""show_category_name_item"":"""",""show_producer_name_item"":"""",""show_price_item"":"""",""show_old_price_item"":"""",""show_author_item"":"""",""show_hits_item"":"""",""show_date_item"":"""",""show_publishdate_item"":"""",""items_show_cart_button_item"":"""",""show_intro_desc_item"":"""",""show_navigation"":"""",""related_items_columns"":"""",""related_items_count"":""""}",,"0000-00-00 00:00:00","2015-06-29 08:53:44",586,"0000-00-00 00:00:00","0000-00-00 00:00:00",TOOLS,,
340,,31,,DT-059,en-dt-059,,,,0.00,0.00,,1,,,,1,13,,,"{""show_contact_form"":"""",""comments"":"""",""price_restrict"":"""",""show_image_item"":"""",""show_category_name_item"":"""",""show_producer_name_item"":"""",""show_price_item"":"""",""show_old_price_item"":"""",""show_author_item"":"""",""show_hits_item"":"""",""show_date_item"":"""",""show_publishdate_item"":"""",""items_show_cart_button_item"":"""",""show_intro_desc_item"":"""",""show_navigation"":"""",""related_items_columns"":"""",""related_items_count"":""""}",,"0000-00-00 00:00:00","2015-06-29 08:49:57",586,"0000-00-00 00:00:00","0000-00-00 00:00:00",TOOLS,,
338,,31,,DT-060,en-dt-060,,,,0.00,0.00,,1,,,,1,12,,,"{""show_contact_form"":"""",""comments"":"""",""price_restrict"":"""",""show_image_item"":"""",""show_category_name_item"":"""",""show_producer_name_item"":"""",""show_price_item"":"""",""show_old_price_item"":"""",""show_author_item"":"""",""show_hits_item"":"""",""show_date_item"":"""",""show_publishdate_item"":"""",""items_show_cart_button_item"":"""",""show_intro_desc_item"":"""",""show_navigation"":"""",""related_items_columns"":"""",""related_items_count"":""""}",,"0000-00-00 00:00:00","2015-06-29 08:47:23",586,"0000-00-00 00:00:00","0000-00-00 00:00:00",TOOLS,,
336,,31,,DT-061,en-dt-061,,,,0.00,0.00,,1,,,,1,11,,,"{""show_contact_form"":"""",""comments"":"""",""price_restrict"":"""",""show_image_item"":"""",""show_category_name_item"":"""",""show_producer_name_item"":"""",""show_price_item"":"""",""show_old_price_item"":"""",""show_author_item"":"""",""show_hits_item"":"""",""show_date_item"":"""",""show_publishdate_item"":"""",""items_show_cart_button_item"":"""",""show_intro_desc_item"":"""",""show_navigation"":"""",""related_items_columns"":"""",""related_items_count"":""""}",,"0000-00-00 00:00:00","2015-06-29 08:44:47",586,"0000-00-00 00:00:00","0000-00-00 00:00:00",TOOLS,,
334,,31,,DT-062,en-dt-062,,,,0.00,0.00,,1,,,,1,10,,,"{""show_contact_form"":"""",""comments"":"""",""price_restrict"":"""",""show_image_item"":"""",""show_category_name_item"":"""",""show_producer_name_item"":"""",""show_price_item"":"""",""show_old_price_item"":"""",""show_author_item"":"""",""show_hits_item"":"""",""show_date_item"":"""",""show_publishdate_item"":"""",""items_show_cart_button_item"":"""",""show_intro_desc_item"":"""",""show_navigation"":"""",""related_items_columns"":"""",""related_items_count"":""""}",,"0000-00-00 00:00:00","2015-06-29 08:42:57",586,"0000-00-00 00:00:00","0000-00-00 00:00:00",TOOLS,,
320,,48,,DWB-SAP-EAGLE,en-dwb-sap-eagle,,,,0.00,0.00,,1,,,,1,1,,,"{""show_contact_form"":"""",""comments"":"""",""price_restrict"":"""",""show_image_item"":"""",""show_category_name_item"":"""",""show_producer_name_item"":"""",""show_price_item"":"""",""show_old_price_item"":"""",""show_author_item"":"""",""show_hits_item"":"""",""show_date_item"":"""",""show_publishdate_item"":"""",""items_show_cart_button_item"":"""",""show_intro_desc_item"":"""",""show_navigation"":"""",""related_items_columns"":"""",""related_items_count"":""""}",,"0000-00-00 00:00:00","2015-06-29 05:51:32",586,"0000-00-00 00:00:00","0000-00-00 00:00:00","BOTTLE & CAGE",,
322,,48,,DWB-SAPIENCE-A,en-dwb-sapience-a,,,,0.00,0.00,,1,,,,1,3,,,"{""show_contact_form"":"""",""comments"":"""",""price_restrict"":"""",""show_image_item"":"""",""show_category_name_item"":"""",""show_producer_name_item"":"""",""show_price_item"":"""",""show_old_price_item"":"""",""show_author_item"":"""",""show_hits_item"":"""",""show_date_item"":"""",""show_publishdate_item"":"""",""items_show_cart_button_item"":"""",""show_intro_desc_item"":"""",""show_navigation"":"""",""related_items_columns"":"""",""related_items_count"":""""}",,"0000-00-00 00:00:00","2015-06-29 05:55:32",586,"0000-00-00 00:00:00","0000-00-00 00:00:00","BOTTLE & CAGE",,
102,,35,,LI-YL26368Y,en-li-yl26368y,,"<p>SAPIENCE ALLOY LADY'S FRAME. </p>
<p>ELEGANT BEAUTY-ISABEL</p>",,0.00,0.00,,1,,,,1,1,,,"{""show_contact_form"":"""",""comments"":"""",""price_restrict"":"""",""show_image_item"":"""",""show_category_name_item"":"""",""show_producer_name_item"":"""",""show_price_item"":"""",""show_old_price_item"":"""",""show_author_item"":"""",""show_hits_item"":"""",""show_date_item"":"""",""show_publishdate_item"":"""",""items_show_cart_button_item"":"""",""show_intro_desc_item"":"""",""show_navigation"":"""",""related_items_columns"":"""",""related_items_count"":""""}",,"0000-00-00 00:00:00","2015-04-24 08:21:28",584,"0000-00-00 00:00:00","0000-00-00 00:00:00","FRAME / FORK",,
103,,35,,LI-YLAJ18015-BLACK,en-li-ylaj18015-black,,"<p>SAPIENCE ALLOY MTB FRAME. </p>
<p>MATERIAL:AL6061. </p>
<p>SIZE:17"". </p>
<p>COLOR:BLACK. </p>
<p>WEIGHT:1.9KG.</p>",,0.00,0.00,,1,,,,1,2,,1,"{""show_contact_form"":"""",""comments"":"""",""price_restrict"":"""",""show_image_item"":"""",""show_category_name_item"":"""",""show_producer_name_item"":"""",""show_price_item"":"""",""show_old_price_item"":"""",""show_author_item"":"""",""show_hits_item"":"""",""show_date_item"":"""",""show_publishdate_item"":"""",""items_show_cart_button_item"":"""",""show_intro_desc_item"":"""",""show_navigation"":"""",""related_items_columns"":"""",""related_items_count"":""""}",,"0000-00-00 00:00:00","2015-04-24 08:21:28",584,"0000-00-00 00:00:00","0000-00-00 00:00:00","FRAME / FORK",,
104,,35,,LI-YLAJ18015-BLUE,en-li-ylaj18015-blue,,"<p>SAPIENCE ALLOY MTB FRAME. </p>
<p>MATERIAL:AL6061. </p>
<p>SIZE:17"". </p>
<p>COLOR:BLUE-WHITE. </p>
<p>WEIGHT:1.9KG.</p>",,0.00,0.00,,1,,,,1,3,,8,"{""show_contact_form"":"""",""comments"":"""",""price_restrict"":"""",""show_image_item"":"""",""show_category_name_item"":"""",""show_producer_name_item"":"""",""show_price_item"":"""",""show_old_price_item"":"""",""show_author_item"":"""",""show_hits_item"":"""",""show_date_item"":"""",""show_publishdate_item"":"""",""items_show_cart_button_item"":"""",""show_intro_desc_item"":"""",""show_navigation"":"""",""related_items_columns"":"""",""related_items_count"":""""}",,"0000-00-00 00:00:00","2015-04-24 08:21:28",584,"0000-00-00 00:00:00","0000-00-00 00:00:00","FRAME / FORK",,
105,,35,,LI-YLAJ18015-ORA,en-li-ylaj18015-ora,,"<p>SAPIENCE ALLOY MTB FRAME. </p>
<p>MATERIAL:AL6061. </p>
<p>SIZE:17"". </p>
<p>COLOR:ORANGE-WHITE. </p>
<p>WEIGHT:1.9KG.</p>",,0.00,0.00,,1,,,,1,4,,1,"{""show_contact_form"":"""",""comments"":"""",""price_restrict"":"""",""show_image_item"":"""",""show_category_name_item"":"""",""show_producer_name_item"":"""",""show_price_item"":"""",""show_old_price_item"":"""",""show_author_item"":"""",""show_hits_item"":"""",""show_date_item"":"""",""show_publishdate_item"":"""",""items_show_cart_button_item"":"""",""show_intro_desc_item"":"""",""show_navigation"":"""",""related_items_columns"":"""",""related_items_count"":""""}",,"0000-00-00 00:00:00","2015-04-24 08:21:28",584,"0000-00-00 00:00:00","0000-00-00 00:00:00","FRAME / FORK",,
100,,33,,"SAPIENCE ISABEL",en-sapience-isabel,,"<p>SAPIENCE 26"" LADY""S BIKE. </p>
<p>ALLOY FRAME. </p>
<p>SHIMANO 18 SPEED SYSTEM.</p>",,0.00,0.00,,1,,,,1,1,,1,"{""show_contact_form"":"""",""comments"":"""",""price_restrict"":"""",""show_image_item"":"""",""show_category_name_item"":"""",""show_producer_name_item"":"""",""show_price_item"":"""",""show_old_price_item"":"""",""show_author_item"":"""",""show_hits_item"":"""",""show_date_item"":"""",""show_publishdate_item"":"""",""items_show_cart_button_item"":"""",""show_intro_desc_item"":"""",""show_navigation"":"""",""related_items_columns"":"""",""related_items_count"":""""}",,"0000-00-00 00:00:00","2015-04-24 08:21:28",584,"0000-00-00 00:00:00","0000-00-00 00:00:00","LADY OR CITY BIKE",,
129,,36,,SP-2PC,en-sp-2pc,,,,0.00,0.00,,1,,,,1,1,,2,"{""show_contact_form"":"""",""comments"":"""",""price_restrict"":"""",""show_image_item"":"""",""show_category_name_item"":"""",""show_producer_name_item"":"""",""show_price_item"":"""",""show_old_price_item"":"""",""show_author_item"":"""",""show_hits_item"":"""",""show_date_item"":"""",""show_publishdate_item"":"""",""items_show_cart_button_item"":"""",""show_intro_desc_item"":"""",""show_navigation"":"""",""related_items_columns"":"""",""related_items_count"":""""}",,"0000-00-00 00:00:00","2015-06-08 08:28:29",586,"0000-00-00 00:00:00","0000-00-00 00:00:00","FRAME PROTECTOR",,
129,,36,,SP-2PC,en-sp-2pc,,,,0.00,0.00,,1,,,,1,1,,2,"{""show_contact_form"":"""",""comments"":"""",""price_restrict"":"""",""show_image_item"":"""",""show_category_name_item"":"""",""show_producer_name_item"":"""",""show_price_item"":"""",""show_old_price_item"":"""",""show_author_item"":"""",""show_hits_item"":"""",""show_date_item"":"""",""show_publishdate_item"":"""",""items_show_cart_button_item"":"""",""show_intro_desc_item"":"""",""show_navigation"":"""",""related_items_columns"":"""",""related_items_count"":""""}",,"0000-00-00 00:00:00","2015-06-08 08:28:29",586,"0000-00-00 00:00:00","0000-00-00 00:00:00","FRAME PROTECTOR",,
98,,28,,SP-955VC,en-sp-955vc,,"<p>V-TYPE BRAKE SHOES. </p>
<p>FOR MTB BIKE. </p>
<p>LENGTH:72mm. </p>
<p>MORE BRAKING CONTROL. </p>",,0.00,0.00,,1,,,,1,3,,1,"{""show_contact_form"":"""",""comments"":"""",""price_restrict"":"""",""show_image_item"":"""",""show_category_name_item"":"""",""show_producer_name_item"":"""",""show_price_item"":"""",""show_old_price_item"":"""",""show_author_item"":"""",""show_hits_item"":"""",""show_date_item"":"""",""show_publishdate_item"":"""",""items_show_cart_button_item"":"""",""show_intro_desc_item"":"""",""show_navigation"":"""",""related_items_columns"":"""",""related_items_count"":""""}",,"0000-00-00 00:00:00","2015-04-24 08:21:28",584,"0000-00-00 00:00:00","0000-00-00 00:00:00","BRAKE SHOES",,
99,,28,,SP-955VCR,en-sp-955vcr,,"<p>REPLACEMENT PADS FOR SP-955VCR. </p>
<p>WITH PINS.</p>",,0.00,0.00,,1,,,,1,4,,,"{""show_contact_form"":"""",""comments"":"""",""price_restrict"":"""",""show_image_item"":"""",""show_category_name_item"":"""",""show_producer_name_item"":"""",""show_price_item"":"""",""show_old_price_item"":"""",""show_author_item"":"""",""show_hits_item"":"""",""show_date_item"":"""",""show_publishdate_item"":"""",""items_show_cart_button_item"":"""",""show_intro_desc_item"":"""",""show_navigation"":"""",""related_items_columns"":"""",""related_items_count"":""""}",,"0000-00-00 00:00:00","2015-04-24 08:21:28",584,"0000-00-00 00:00:00","0000-00-00 00:00:00","BRAKE SHOES",,
96,,28,,SP-ABS-01VC,en-sp-abs-01vc,,"<p>V-TYPE BRAKE SHOES. FOR MTB BIKE. </p>
<p>MORE BRAKING CONTROL. </p>
<p>SHORTEN BRAKING DISTANCE. </p>
<p>SUSPENSION FEELING.</p>",,0.00,0.00,,1,,,,1,1,,,"{""show_contact_form"":"""",""comments"":"""",""price_restrict"":"""",""show_image_item"":"""",""show_category_name_item"":"""",""show_producer_name_item"":"""",""show_price_item"":"""",""show_old_price_item"":"""",""show_author_item"":"""",""show_hits_item"":"""",""show_date_item"":"""",""show_publishdate_item"":"""",""items_show_cart_button_item"":"""",""show_intro_desc_item"":"""",""show_navigation"":"""",""related_items_columns"":"""",""related_items_count"":""""}",,"0000-00-00 00:00:00","2015-04-24 08:21:28",584,"0000-00-00 00:00:00","0000-00-00 00:00:00","BRAKE SHOES",,
97,,28,,SP-ABS-01VCR,en-sp-abs-01vcr,,"<p>REPLACEMENT PADS FOR SP-ABS-01VC. </p>
<p>WITH PINS.</p>",,0.00,0.00,,1,,,,1,2,,,"{""show_contact_form"":"""",""comments"":"""",""price_restrict"":"""",""show_image_item"":"""",""show_category_name_item"":"""",""show_producer_name_item"":"""",""show_price_item"":"""",""show_old_price_item"":"""",""show_author_item"":"""",""show_hits_item"":"""",""show_date_item"":"""",""show_publishdate_item"":"""",""items_show_cart_button_item"":"""",""show_intro_desc_item"":"""",""show_navigation"":"""",""related_items_columns"":"""",""related_items_count"":""""}",,"0000-00-00 00:00:00","2015-04-24 08:21:28",584,"0000-00-00 00:00:00","0000-00-00 00:00:00","BRAKE SHOES",,
207,,29,,SP-DS-01SP,en-sp-ds-01sp,,,,0.00,0.00,,1,,,,1,14,,,"{""show_contact_form"":"""",""comments"":"""",""price_restrict"":"""",""show_image_item"":"""",""show_category_name_item"":"""",""show_producer_name_item"":"""",""show_price_item"":"""",""show_old_price_item"":"""",""show_author_item"":"""",""show_hits_item"":"""",""show_date_item"":"""",""show_publishdate_item"":"""",""items_show_cart_button_item"":"""",""show_intro_desc_item"":"""",""show_navigation"":"""",""related_items_columns"":"""",""related_items_count"":""""}",,"0000-00-00 00:00:00","2015-06-13 02:37:11",586,"0000-00-00 00:00:00","0000-00-00 00:00:00","DISC BRAKE PADS",,
187,,29,,SP-DS-08SP,en-sp-ds-08sp,,,,0.00,0.00,,1,,,,1,4,,,"{""show_contact_form"":"""",""comments"":"""",""price_restrict"":"""",""show_image_item"":"""",""show_category_name_item"":"""",""show_producer_name_item"":"""",""show_price_item"":"""",""show_old_price_item"":"""",""show_author_item"":"""",""show_hits_item"":"""",""show_date_item"":"""",""show_publishdate_item"":"""",""items_show_cart_button_item"":"""",""show_intro_desc_item"":"""",""show_navigation"":"""",""related_items_columns"":"""",""related_items_count"":""""}",,"0000-00-00 00:00:00","2015-06-13 02:10:12",586,"0000-00-00 00:00:00","0000-00-00 00:00:00","DISC BRAKE PADS",,
233,,29,,SP-DS-09SP,en-sp-ds-09sp,,,,0.00,0.00,,1,,,,1,27,,,"{""show_contact_form"":"""",""comments"":"""",""price_restrict"":"""",""show_image_item"":"""",""show_category_name_item"":"""",""show_producer_name_item"":"""",""show_price_item"":"""",""show_old_price_item"":"""",""show_author_item"":"""",""show_hits_item"":"""",""show_date_item"":"""",""show_publishdate_item"":"""",""items_show_cart_button_item"":"""",""show_intro_desc_item"":"""",""show_navigation"":"""",""related_items_columns"":"""",""related_items_count"":""""}",,"0000-00-00 00:00:00","2015-06-13 03:15:19",586,"0000-00-00 00:00:00","0000-00-00 00:00:00","DISC BRAKE PADS",,
231,,29,,SP-DS-10SP,en-sp-ds10sp,,,,0.00,0.00,,1,,,,1,26,,,"{""show_contact_form"":"""",""comments"":"""",""price_restrict"":"""",""show_image_item"":"""",""show_category_name_item"":"""",""show_producer_name_item"":"""",""show_price_item"":"""",""show_old_price_item"":"""",""show_author_item"":"""",""show_hits_item"":"""",""show_date_item"":"""",""show_publishdate_item"":"""",""items_show_cart_button_item"":"""",""show_intro_desc_item"":"""",""show_navigation"":"""",""related_items_columns"":"""",""related_items_count"":""""}",,"0000-00-00 00:00:00","2015-06-13 03:12:50",586,"0000-00-00 00:00:00","0000-00-00 00:00:00","DISC BRAKE PADS",,
221,,29,,SP-DS-11SP,en-sp-ds-11sp,,,,0.00,0.00,,1,,,,1,21,,,"{""show_contact_form"":"""",""comments"":"""",""price_restrict"":"""",""show_image_item"":"""",""show_category_name_item"":"""",""show_producer_name_item"":"""",""show_price_item"":"""",""show_old_price_item"":"""",""show_author_item"":"""",""show_hits_item"":"""",""show_date_item"":"""",""show_publishdate_item"":"""",""items_show_cart_button_item"":"""",""show_intro_desc_item"":"""",""show_navigation"":"""",""related_items_columns"":"""",""related_items_count"":""""}",,"0000-00-00 00:00:00","2015-06-13 02:55:13",586,"0000-00-00 00:00:00","0000-00-00 00:00:00","DISC BRAKE PADS",,
199,,29,,SP-DS-12SP,en-sp-ds-12sp,,,,0.00,0.00,,1,,,,1,10,,,"{""show_contact_form"":"""",""comments"":"""",""price_restrict"":"""",""show_image_item"":"""",""show_category_name_item"":"""",""show_producer_name_item"":"""",""show_price_item"":"""",""show_old_price_item"":"""",""show_author_item"":"""",""show_hits_item"":"""",""show_date_item"":"""",""show_publishdate_item"":"""",""items_show_cart_button_item"":"""",""show_intro_desc_item"":"""",""show_navigation"":"""",""related_items_columns"":"""",""related_items_count"":""""}",,"0000-00-00 00:00:00","2015-06-13 02:28:44",586,"0000-00-00 00:00:00","0000-00-00 00:00:00","DISC BRAKE PADS",,
229,,29,,SP-DS-15SP,en-sp-ds-15sp,,,,0.00,0.00,,1,,,,1,25,,,"{""show_contact_form"":"""",""comments"":"""",""price_restrict"":"""",""show_image_item"":"""",""show_category_name_item"":"""",""show_producer_name_item"":"""",""show_price_item"":"""",""show_old_price_item"":"""",""show_author_item"":"""",""show_hits_item"":"""",""show_date_item"":"""",""show_publishdate_item"":"""",""items_show_cart_button_item"":"""",""show_intro_desc_item"":"""",""show_navigation"":"""",""related_items_columns"":"""",""related_items_count"":""""}",,"0000-00-00 00:00:00","2015-06-13 03:10:05",586,"0000-00-00 00:00:00","0000-00-00 00:00:00","DISC BRAKE PADS",,
227,,29,,SP-DS-17SP,en-sp-ds-17sp,,,,0.00,0.00,,1,,,,1,24,,,"{""show_contact_form"":"""",""comments"":"""",""price_restrict"":"""",""show_image_item"":"""",""show_category_name_item"":"""",""show_producer_name_item"":"""",""show_price_item"":"""",""show_old_price_item"":"""",""show_author_item"":"""",""show_hits_item"":"""",""show_date_item"":"""",""show_publishdate_item"":"""",""items_show_cart_button_item"":"""",""show_intro_desc_item"":"""",""show_navigation"":"""",""related_items_columns"":"""",""related_items_count"":""""}",,"0000-00-00 00:00:00","2015-06-13 03:07:26",586,"0000-00-00 00:00:00","0000-00-00 00:00:00","DISC BRAKE PADS",,
225,,29,,SP-DS-18SP,en-sp-ds-18sp,,,,0.00,0.00,,1,,,,1,23,,,"{""show_contact_form"":"""",""comments"":"""",""price_restrict"":"""",""show_image_item"":"""",""show_category_name_item"":"""",""show_producer_name_item"":"""",""show_price_item"":"""",""show_old_price_item"":"""",""show_author_item"":"""",""show_hits_item"":"""",""show_date_item"":"""",""show_publishdate_item"":"""",""items_show_cart_button_item"":"""",""show_intro_desc_item"":"""",""show_navigation"":"""",""related_items_columns"":"""",""related_items_count"":""""}",,"0000-00-00 00:00:00","2015-06-13 03:03:41",586,"0000-00-00 00:00:00","0000-00-00 00:00:00","DISC BRAKE PADS",,
209,,29,,SP-DS-26SP,en-sp-ds-26sp,,,,0.00,0.00,,1,,,,1,15,,,"{""show_contact_form"":"""",""comments"":"""",""price_restrict"":"""",""show_image_item"":"""",""show_category_name_item"":"""",""show_producer_name_item"":"""",""show_price_item"":"""",""show_old_price_item"":"""",""show_author_item"":"""",""show_hits_item"":"""",""show_date_item"":"""",""show_publishdate_item"":"""",""items_show_cart_button_item"":"""",""show_intro_desc_item"":"""",""show_navigation"":"""",""related_items_columns"":"""",""related_items_count"":""""}",,"0000-00-00 00:00:00","2015-06-13 02:42:32",586,"0000-00-00 00:00:00","0000-00-00 00:00:00","DISC BRAKE PADS",,
219,,29,,SP-DS-38SP,en-sp-ds-38sp,,,,0.00,0.00,,1,,,,1,20,,,"{""show_contact_form"":"""",""comments"":"""",""price_restrict"":"""",""show_image_item"":"""",""show_category_name_item"":"""",""show_producer_name_item"":"""",""show_price_item"":"""",""show_old_price_item"":"""",""show_author_item"":"""",""show_hits_item"":"""",""show_date_item"":"""",""show_publishdate_item"":"""",""items_show_cart_button_item"":"""",""show_intro_desc_item"":"""",""show_navigation"":"""",""related_items_columns"":"""",""related_items_count"":""""}",,"0000-00-00 00:00:00","2015-06-13 02:53:18",586,"0000-00-00 00:00:00","0000-00-00 00:00:00","DISC BRAKE PADS",,
217,,29,,SP-DS-39SP,en-sp-ds-39sp,,,,0.00,0.00,,1,,,,1,19,,,"{""show_contact_form"":"""",""comments"":"""",""price_restrict"":"""",""show_image_item"":"""",""show_category_name_item"":"""",""show_producer_name_item"":"""",""show_price_item"":"""",""show_old_price_item"":"""",""show_author_item"":"""",""show_hits_item"":"""",""show_date_item"":"""",""show_publishdate_item"":"""",""items_show_cart_button_item"":"""",""show_intro_desc_item"":"""",""show_navigation"":"""",""related_items_columns"":"""",""related_items_count"":""""}",,"0000-00-00 00:00:00","2015-06-13 02:51:03",586,"0000-00-00 00:00:00","0000-00-00 00:00:00","DISC BRAKE PADS",,
197,,29,,SP-DS-40SP,en-sp-ds-40sp,,,,0.00,0.00,,1,,,,1,9,,,"{""show_contact_form"":"""",""comments"":"""",""price_restrict"":"""",""show_image_item"":"""",""show_category_name_item"":"""",""show_producer_name_item"":"""",""show_price_item"":"""",""show_old_price_item"":"""",""show_author_item"":"""",""show_hits_item"":"""",""show_date_item"":"""",""show_publishdate_item"":"""",""items_show_cart_button_item"":"""",""show_intro_desc_item"":"""",""show_navigation"":"""",""related_items_columns"":"""",""related_items_count"":""""}",,"0000-00-00 00:00:00","2015-06-13 02:26:13",586,"0000-00-00 00:00:00","0000-00-00 00:00:00","DISC BRAKE PADS",,
195,,29,,SP-DS-41SP,en-sp-ds-41sp,,,,0.00,0.00,,1,,,,1,8,,,"{""show_contact_form"":"""",""comments"":"""",""price_restrict"":"""",""show_image_item"":"""",""show_category_name_item"":"""",""show_producer_name_item"":"""",""show_price_item"":"""",""show_old_price_item"":"""",""show_author_item"":"""",""show_hits_item"":"""",""show_date_item"":"""",""show_publishdate_item"":"""",""items_show_cart_button_item"":"""",""show_intro_desc_item"":"""",""show_navigation"":"""",""related_items_columns"":"""",""related_items_count"":""""}",,"0000-00-00 00:00:00","2015-06-13 02:23:09",586,"0000-00-00 00:00:00","0000-00-00 00:00:00","DISC BRAKE PADS",,
193,,29,,SP-DS-42SP,en-sp-ds-42sp,,,,0.00,0.00,,1,,,,1,7,,,"{""show_contact_form"":"""",""comments"":"""",""price_restrict"":"""",""show_image_item"":"""",""show_category_name_item"":"""",""show_producer_name_item"":"""",""show_price_item"":"""",""show_old_price_item"":"""",""show_author_item"":"""",""show_hits_item"":"""",""show_date_item"":"""",""show_publishdate_item"":"""",""items_show_cart_button_item"":"""",""show_intro_desc_item"":"""",""show_navigation"":"""",""related_items_columns"":"""",""related_items_count"":""""}",,"0000-00-00 00:00:00","2015-06-13 02:18:20",586,"0000-00-00 00:00:00","0000-00-00 00:00:00","DISC BRAKE PADS",,
191,,29,,SP-DS-43SP,en-sp-ds-43sp,,,,0.00,0.00,,1,,,,1,6,,,"{""show_contact_form"":"""",""comments"":"""",""price_restrict"":"""",""show_image_item"":"""",""show_category_name_item"":"""",""show_producer_name_item"":"""",""show_price_item"":"""",""show_old_price_item"":"""",""show_author_item"":"""",""show_hits_item"":"""",""show_date_item"":"""",""show_publishdate_item"":"""",""items_show_cart_button_item"":"""",""show_intro_desc_item"":"""",""show_navigation"":"""",""related_items_columns"":"""",""related_items_count"":""""}",,"0000-00-00 00:00:00","2015-06-13 02:16:29",586,"0000-00-00 00:00:00","0000-00-00 00:00:00","DISC BRAKE PADS",,
189,,29,,SP-DS-44SP,en-sp-ds-44sp,,,,0.00,0.00,,1,,,,1,5,,1,"{""show_contact_form"":"""",""comments"":"""",""price_restrict"":"""",""show_image_item"":"""",""show_category_name_item"":"""",""show_producer_name_item"":"""",""show_price_item"":"""",""show_old_price_item"":"""",""show_author_item"":"""",""show_hits_item"":"""",""show_date_item"":"""",""show_publishdate_item"":"""",""items_show_cart_button_item"":"""",""show_intro_desc_item"":"""",""show_navigation"":"""",""related_items_columns"":"""",""related_items_count"":""""}",,"0000-00-00 00:00:00","2015-06-13 02:13:19",586,"0000-00-00 00:00:00","0000-00-00 00:00:00","DISC BRAKE PADS",,
215,,29,,SP-DS-45SP,en-sp-ds-45sp,,,,0.00,0.00,,1,,,,1,18,,,"{""show_contact_form"":"""",""comments"":"""",""price_restrict"":"""",""show_image_item"":"""",""show_category_name_item"":"""",""show_producer_name_item"":"""",""show_price_item"":"""",""show_old_price_item"":"""",""show_author_item"":"""",""show_hits_item"":"""",""show_date_item"":"""",""show_publishdate_item"":"""",""items_show_cart_button_item"":"""",""show_intro_desc_item"":"""",""show_navigation"":"""",""related_items_columns"":"""",""related_items_count"":""""}",,"0000-00-00 00:00:00","2015-06-13 02:48:57",586,"0000-00-00 00:00:00","0000-00-00 00:00:00","DISC BRAKE PADS",,
223,,29,,SP-DS-46SP,en-sp-ds-46sp,,,,0.00,0.00,,1,,,,1,22,,1,"{""show_contact_form"":"""",""comments"":"""",""price_restrict"":"""",""show_image_item"":"""",""show_category_name_item"":"""",""show_producer_name_item"":"""",""show_price_item"":"""",""show_old_price_item"":"""",""show_author_item"":"""",""show_hits_item"":"""",""show_date_item"":"""",""show_publishdate_item"":"""",""items_show_cart_button_item"":"""",""show_intro_desc_item"":"""",""show_navigation"":"""",""related_items_columns"":"""",""related_items_count"":""""}",,"0000-00-00 00:00:00","2015-06-13 03:01:24",586,"0000-00-00 00:00:00","0000-00-00 00:00:00","DISC BRAKE PADS",,
213,,29,,SP-DS-47SP,en-sp-ds-47sp,,,,0.00,0.00,,1,,,,1,17,,,"{""show_contact_form"":"""",""comments"":"""",""price_restrict"":"""",""show_image_item"":"""",""show_category_name_item"":"""",""show_producer_name_item"":"""",""show_price_item"":"""",""show_old_price_item"":"""",""show_author_item"":"""",""show_hits_item"":"""",""show_date_item"":"""",""show_publishdate_item"":"""",""items_show_cart_button_item"":"""",""show_intro_desc_item"":"""",""show_navigation"":"""",""related_items_columns"":"""",""related_items_count"":""""}",,"0000-00-00 00:00:00","2015-06-13 02:46:51",586,"0000-00-00 00:00:00","0000-00-00 00:00:00","DISC BRAKE PADS",,
183,,29,,SP-DS-48SP,en-sp-ds-48sp,,,,0.00,0.00,,1,,,,1,2,,,"{""show_contact_form"":"""",""comments"":"""",""price_restrict"":"""",""show_image_item"":"""",""show_category_name_item"":"""",""show_producer_name_item"":"""",""show_price_item"":"""",""show_old_price_item"":"""",""show_author_item"":"""",""show_hits_item"":"""",""show_date_item"":"""",""show_publishdate_item"":"""",""items_show_cart_button_item"":"""",""show_intro_desc_item"":"""",""show_navigation"":"""",""related_items_columns"":"""",""related_items_count"":""""}",,"0000-00-00 00:00:00","2015-06-13 02:04:33",586,"0000-00-00 00:00:00","0000-00-00 00:00:00","DISC BRAKE PADS",,
181,,29,,SP-DS-49SP,en-sp-ds-49sp,,,,0.00,0.00,,1,,,,1,1,,1,"{""show_contact_form"":"""",""comments"":"""",""price_restrict"":"""",""show_image_item"":"""",""show_category_name_item"":"""",""show_producer_name_item"":"""",""show_price_item"":"""",""show_old_price_item"":"""",""show_author_item"":"""",""show_hits_item"":"""",""show_date_item"":"""",""show_publishdate_item"":"""",""items_show_cart_button_item"":"""",""show_intro_desc_item"":"""",""show_navigation"":"""",""related_items_columns"":"""",""related_items_count"":""""}",,"0000-00-00 00:00:00","2015-06-13 02:01:03",586,"0000-00-00 00:00:00","0000-00-00 00:00:00","DISC BRAKE PADS",,
211,,29,,SP-DS-50SP,en-sp-ds-50sp,,,,0.00,0.00,,1,,,,1,16,,,"{""show_contact_form"":"""",""comments"":"""",""price_restrict"":"""",""show_image_item"":"""",""show_category_name_item"":"""",""show_producer_name_item"":"""",""show_price_item"":"""",""show_old_price_item"":"""",""show_author_item"":"""",""show_hits_item"":"""",""show_date_item"":"""",""show_publishdate_item"":"""",""items_show_cart_button_item"":"""",""show_intro_desc_item"":"""",""show_navigation"":"""",""related_items_columns"":"""",""related_items_count"":""""}",,"0000-00-00 00:00:00","2015-06-13 02:44:41",586,"0000-00-00 00:00:00","0000-00-00 00:00:00","DISC BRAKE PADS",,
185,,29,,SP-DS-51SP,en-sp-ds-51sp,,,,0.00,0.00,,1,,,,1,3,,,"{""show_contact_form"":"""",""comments"":"""",""price_restrict"":"""",""show_image_item"":"""",""show_category_name_item"":"""",""show_producer_name_item"":"""",""show_price_item"":"""",""show_old_price_item"":"""",""show_author_item"":"""",""show_hits_item"":"""",""show_date_item"":"""",""show_publishdate_item"":"""",""items_show_cart_button_item"":"""",""show_intro_desc_item"":"""",""show_navigation"":"""",""related_items_columns"":"""",""related_items_count"":""""}",,"0000-00-00 00:00:00","2015-06-13 02:07:00",586,"0000-00-00 00:00:00","0000-00-00 00:00:00","DISC BRAKE PADS",,
205,,29,,SP-DS-52SP,en-sp-ds-52sp,,,,0.00,0.00,,1,,,,1,13,,,"{""show_contact_form"":"""",""comments"":"""",""price_restrict"":"""",""show_image_item"":"""",""show_category_name_item"":"""",""show_producer_name_item"":"""",""show_price_item"":"""",""show_old_price_item"":"""",""show_author_item"":"""",""show_hits_item"":"""",""show_date_item"":"""",""show_publishdate_item"":"""",""items_show_cart_button_item"":"""",""show_intro_desc_item"":"""",""show_navigation"":"""",""related_items_columns"":"""",""related_items_count"":""""}",,"0000-00-00 00:00:00","2015-06-13 02:34:41",586,"0000-00-00 00:00:00","0000-00-00 00:00:00","DISC BRAKE PADS",,
203,,29,,SP-DS-53SP,en-sp-ds-53sp,,,,0.00,0.00,,1,,,,1,12,,,"{""show_contact_form"":"""",""comments"":"""",""price_restrict"":"""",""show_image_item"":"""",""show_category_name_item"":"""",""show_producer_name_item"":"""",""show_price_item"":"""",""show_old_price_item"":"""",""show_author_item"":"""",""show_hits_item"":"""",""show_date_item"":"""",""show_publishdate_item"":"""",""items_show_cart_button_item"":"""",""show_intro_desc_item"":"""",""show_navigation"":"""",""related_items_columns"":"""",""related_items_count"":""""}",,"0000-00-00 00:00:00","2015-06-13 02:32:51",586,"0000-00-00 00:00:00","0000-00-00 00:00:00","DISC BRAKE PADS",,
201,,29,,SP-DS-54SP,en-sp-ds-54sp,,,,0.00,0.00,,1,,,,1,11,,,"{""show_contact_form"":"""",""comments"":"""",""price_restrict"":"""",""show_image_item"":"""",""show_category_name_item"":"""",""show_producer_name_item"":"""",""show_price_item"":"""",""show_old_price_item"":"""",""show_author_item"":"""",""show_hits_item"":"""",""show_date_item"":"""",""show_publishdate_item"":"""",""items_show_cart_button_item"":"""",""show_intro_desc_item"":"""",""show_navigation"":"""",""related_items_columns"":"""",""related_items_count"":""""}",,"0000-00-00 00:00:00","2015-06-13 02:30:54",586,"0000-00-00 00:00:00","0000-00-00 00:00:00","DISC BRAKE PADS",,
274,,42,,SPG-01D2,en-spg-01d2,,,,0.00,0.00,,1,,,,1,15,,,"{""show_contact_form"":"""",""comments"":"""",""price_restrict"":"""",""show_image_item"":"""",""show_category_name_item"":"""",""show_producer_name_item"":"""",""show_price_item"":"""",""show_old_price_item"":"""",""show_author_item"":"""",""show_hits_item"":"""",""show_date_item"":"""",""show_publishdate_item"":"""",""items_show_cart_button_item"":"""",""show_intro_desc_item"":"""",""show_navigation"":"""",""related_items_columns"":"""",""related_items_count"":""""}",,"0000-00-00 00:00:00","2015-06-15 07:49:26",586,"0000-00-00 00:00:00","0000-00-00 00:00:00",GRIP,,
268,,42,,SPG-01D3,en-spg-01d3,,,,0.00,0.00,,1,,,,1,12,,,"{""show_contact_form"":"""",""comments"":"""",""price_restrict"":"""",""show_image_item"":"""",""show_category_name_item"":"""",""show_producer_name_item"":"""",""show_price_item"":"""",""show_old_price_item"":"""",""show_author_item"":"""",""show_hits_item"":"""",""show_date_item"":"""",""show_publishdate_item"":"""",""items_show_cart_button_item"":"""",""show_intro_desc_item"":"""",""show_navigation"":"""",""related_items_columns"":"""",""related_items_count"":""""}",,"0000-00-00 00:00:00","2015-06-15 07:40:29",586,"0000-00-00 00:00:00","0000-00-00 00:00:00",GRIP,,
270,,42,,SPG-02D3,en-spg-02d3,,,,0.00,0.00,,1,,,,1,13,,,"{""show_contact_form"":"""",""comments"":"""",""price_restrict"":"""",""show_image_item"":"""",""show_category_name_item"":"""",""show_producer_name_item"":"""",""show_price_item"":"""",""show_old_price_item"":"""",""show_author_item"":"""",""show_hits_item"":"""",""show_date_item"":"""",""show_publishdate_item"":"""",""items_show_cart_button_item"":"""",""show_intro_desc_item"":"""",""show_navigation"":"""",""related_items_columns"":"""",""related_items_count"":""""}",,"0000-00-00 00:00:00","2015-06-15 07:44:09",586,"0000-00-00 00:00:00","0000-00-00 00:00:00",GRIP,,
266,,42,,SPG-03D3,en-spg-03d3,,,,0.00,0.00,,1,,,,1,11,,,"{""show_contact_form"":"""",""comments"":"""",""price_restrict"":"""",""show_image_item"":"""",""show_category_name_item"":"""",""show_producer_name_item"":"""",""show_price_item"":"""",""show_old_price_item"":"""",""show_author_item"":"""",""show_hits_item"":"""",""show_date_item"":"""",""show_publishdate_item"":"""",""items_show_cart_button_item"":"""",""show_intro_desc_item"":"""",""show_navigation"":"""",""related_items_columns"":"""",""related_items_count"":""""}",,"0000-00-00 00:00:00","2015-06-15 07:37:21",586,"0000-00-00 00:00:00","0000-00-00 00:00:00",GRIP,,
284,,42,,SPG-04,en-spg-04,,,,0.00,0.00,,1,,,,1,20,,,"{""show_contact_form"":"""",""comments"":"""",""price_restrict"":"""",""show_image_item"":"""",""show_category_name_item"":"""",""show_producer_name_item"":"""",""show_price_item"":"""",""show_old_price_item"":"""",""show_author_item"":"""",""show_hits_item"":"""",""show_date_item"":"""",""show_publishdate_item"":"""",""items_show_cart_button_item"":"""",""show_intro_desc_item"":"""",""show_navigation"":"""",""related_items_columns"":"""",""related_items_count"":""""}",,"0000-00-00 00:00:00","2015-06-15 08:01:07",586,"0000-00-00 00:00:00","0000-00-00 00:00:00",GRIP,,
282,,42,,SPG-05,en-spg-05,,,,0.00,0.00,,1,,,,1,19,,,"{""show_contact_form"":"""",""comments"":"""",""price_restrict"":"""",""show_image_item"":"""",""show_category_name_item"":"""",""show_producer_name_item"":"""",""show_price_item"":"""",""show_old_price_item"":"""",""show_author_item"":"""",""show_hits_item"":"""",""show_date_item"":"""",""show_publishdate_item"":"""",""items_show_cart_button_item"":"""",""show_intro_desc_item"":"""",""show_navigation"":"""",""related_items_columns"":"""",""related_items_count"":""""}",,"0000-00-00 00:00:00","2015-06-15 07:58:46",586,"0000-00-00 00:00:00","0000-00-00 00:00:00",GRIP,,
280,,42,,SPG-06,en-spg-06,,,,0.00,0.00,,1,,,,1,18,,,"{""show_contact_form"":"""",""comments"":"""",""price_restrict"":"""",""show_image_item"":"""",""show_category_name_item"":"""",""show_producer_name_item"":"""",""show_price_item"":"""",""show_old_price_item"":"""",""show_author_item"":"""",""show_hits_item"":"""",""show_date_item"":"""",""show_publishdate_item"":"""",""items_show_cart_button_item"":"""",""show_intro_desc_item"":"""",""show_navigation"":"""",""related_items_columns"":"""",""related_items_count"":""""}",,"0000-00-00 00:00:00","2015-06-15 07:56:44",586,"0000-00-00 00:00:00","0000-00-00 00:00:00",GRIP,,
300,,42,,SPG-1031,en-spg-1031,,,,0.00,0.00,,1,,,,1,28,,,"{""show_contact_form"":"""",""comments"":"""",""price_restrict"":"""",""show_image_item"":"""",""show_category_name_item"":"""",""show_producer_name_item"":"""",""show_price_item"":"""",""show_old_price_item"":"""",""show_author_item"":"""",""show_hits_item"":"""",""show_date_item"":"""",""show_publishdate_item"":"""",""items_show_cart_button_item"":"""",""show_intro_desc_item"":"""",""show_navigation"":"""",""related_items_columns"":"""",""related_items_count"":""""}",,"0000-00-00 00:00:00","2015-06-15 08:19:50",586,"0000-00-00 00:00:00","0000-00-00 00:00:00",GRIP,,
298,,42,,SPG-1037,en-spg-1037,,,,0.00,0.00,,1,,,,1,27,,,"{""show_contact_form"":"""",""comments"":"""",""price_restrict"":"""",""show_image_item"":"""",""show_category_name_item"":"""",""show_producer_name_item"":"""",""show_price_item"":"""",""show_old_price_item"":"""",""show_author_item"":"""",""show_hits_item"":"""",""show_date_item"":"""",""show_publishdate_item"":"""",""items_show_cart_button_item"":"""",""show_intro_desc_item"":"""",""show_navigation"":"""",""related_items_columns"":"""",""related_items_count"":""""}",,"0000-00-00 00:00:00","2015-06-15 08:17:15",586,"0000-00-00 00:00:00","0000-00-00 00:00:00",GRIP,,
296,,42,,SPG-1044,en-sgp-1044,,,,0.00,0.00,,1,,,,1,26,,,"{""show_contact_form"":"""",""comments"":"""",""price_restrict"":"""",""show_image_item"":"""",""show_category_name_item"":"""",""show_producer_name_item"":"""",""show_price_item"":"""",""show_old_price_item"":"""",""show_author_item"":"""",""show_hits_item"":"""",""show_date_item"":"""",""show_publishdate_item"":"""",""items_show_cart_button_item"":"""",""show_intro_desc_item"":"""",""show_navigation"":"""",""related_items_columns"":"""",""related_items_count"":""""}",,"0000-00-00 00:00:00","2015-06-15 08:15:45",586,"0000-00-00 00:00:00","0000-00-00 00:00:00",GRIP,,
294,,42,,SPG-1046,en-spg-1046,,,,0.00,0.00,,1,,,,1,25,,,"{""show_contact_form"":"""",""comments"":"""",""price_restrict"":"""",""show_image_item"":"""",""show_category_name_item"":"""",""show_producer_name_item"":"""",""show_price_item"":"""",""show_old_price_item"":"""",""show_author_item"":"""",""show_hits_item"":"""",""show_date_item"":"""",""show_publishdate_item"":"""",""items_show_cart_button_item"":"""",""show_intro_desc_item"":"""",""show_navigation"":"""",""related_items_columns"":"""",""related_items_count"":""""}",,"0000-00-00 00:00:00","2015-06-15 08:14:27",586,"0000-00-00 00:00:00","0000-00-00 00:00:00",GRIP,,
109,,42,,SPG-1050,en-spg-1050,,<p>grip</p>,,0.00,0.00,,1,,,,1,1,1,2,"{""show_contact_form"":"""",""comments"":"""",""price_restrict"":"""",""show_image_item"":"""",""show_category_name_item"":"""",""show_producer_name_item"":"""",""show_price_item"":"""",""show_old_price_item"":"""",""show_author_item"":"""",""show_hits_item"":"""",""show_date_item"":"""",""show_publishdate_item"":"""",""items_show_cart_button_item"":"""",""show_intro_desc_item"":"""",""show_navigation"":"""",""related_items_columns"":"""",""related_items_count"":""""}",,"0000-00-00 00:00:00","2015-06-06 02:32:37",586,"0000-00-00 00:00:00","0000-00-00 00:00:00",GRIP,,
290,,42,,SPG-1050-3C,en-spg-1050-3c,,,,0.00,0.00,,1,,,,1,23,,,"{""show_contact_form"":"""",""comments"":"""",""price_restrict"":"""",""show_image_item"":"""",""show_category_name_item"":"""",""show_producer_name_item"":"""",""show_price_item"":"""",""show_old_price_item"":"""",""show_author_item"":"""",""show_hits_item"":"""",""show_date_item"":"""",""show_publishdate_item"":"""",""items_show_cart_button_item"":"""",""show_intro_desc_item"":"""",""show_navigation"":"""",""related_items_columns"":"""",""related_items_count"":""""}",,"0000-00-00 00:00:00","2015-06-15 08:09:01",586,"0000-00-00 00:00:00","0000-00-00 00:00:00",GRIP,,
292,,42,,SPG-1051,en-spg-1051,,,,0.00,0.00,,1,,,,1,24,1,1,"{""show_contact_form"":"""",""comments"":"""",""price_restrict"":"""",""show_image_item"":"""",""show_category_name_item"":"""",""show_producer_name_item"":"""",""show_price_item"":"""",""show_old_price_item"":"""",""show_author_item"":"""",""show_hits_item"":"""",""show_date_item"":"""",""show_publishdate_item"":"""",""items_show_cart_button_item"":"""",""show_intro_desc_item"":"""",""show_navigation"":"""",""related_items_columns"":"""",""related_items_count"":""""}",,"0000-00-00 00:00:00","2015-06-15 08:12:49",586,"0000-00-00 00:00:00","0000-00-00 00:00:00",GRIP,,
278,,42,,SPG-13,en-spg-13,,,,0.00,0.00,,1,,,,1,17,,,"{""show_contact_form"":"""",""comments"":"""",""price_restrict"":"""",""show_image_item"":"""",""show_category_name_item"":"""",""show_producer_name_item"":"""",""show_price_item"":"""",""show_old_price_item"":"""",""show_author_item"":"""",""show_hits_item"":"""",""show_date_item"":"""",""show_publishdate_item"":"""",""items_show_cart_button_item"":"""",""show_intro_desc_item"":"""",""show_navigation"":"""",""related_items_columns"":"""",""related_items_count"":""""}",,"0000-00-00 00:00:00","2015-06-15 07:55:03",586,"0000-00-00 00:00:00","0000-00-00 00:00:00",GRIP,,
272,,42,,SPG-1911,en-spg-1911,,,,0.00,0.00,,1,,,,1,14,,,"{""show_contact_form"":"""",""comments"":"""",""price_restrict"":"""",""show_image_item"":"""",""show_category_name_item"":"""",""show_producer_name_item"":"""",""show_price_item"":"""",""show_old_price_item"":"""",""show_author_item"":"""",""show_hits_item"":"""",""show_date_item"":"""",""show_publishdate_item"":"""",""items_show_cart_button_item"":"""",""show_intro_desc_item"":"""",""show_navigation"":"""",""related_items_columns"":"""",""related_items_count"":""""}",,"0000-00-00 00:00:00","2015-06-15 07:46:11",586,"0000-00-00 00:00:00","0000-00-00 00:00:00",GRIP,,
121,,42,,SPG-20,en-spg-20,,,,0.00,0.00,,1,,,,1,3,,1,"{""show_contact_form"":"""",""comments"":"""",""price_restrict"":"""",""show_image_item"":"""",""show_category_name_item"":"""",""show_producer_name_item"":"""",""show_price_item"":"""",""show_old_price_item"":"""",""show_author_item"":"""",""show_hits_item"":"""",""show_date_item"":"""",""show_publishdate_item"":"""",""items_show_cart_button_item"":"""",""show_intro_desc_item"":"""",""show_navigation"":"""",""related_items_columns"":"""",""related_items_count"":""""}",,"0000-00-00 00:00:00","2015-06-08 03:42:10",586,"0000-00-00 00:00:00","0000-00-00 00:00:00",GRIP,,
288,,42,,SPG-38,en-spg-38,,,,0.00,0.00,,1,,,,1,22,1,1,"{""show_contact_form"":"""",""comments"":"""",""price_restrict"":"""",""show_image_item"":"""",""show_category_name_item"":"""",""show_producer_name_item"":"""",""show_price_item"":"""",""show_old_price_item"":"""",""show_author_item"":"""",""show_hits_item"":"""",""show_date_item"":"""",""show_publishdate_item"":"""",""items_show_cart_button_item"":"""",""show_intro_desc_item"":"""",""show_navigation"":"""",""related_items_columns"":"""",""related_items_count"":""""}",,"0000-00-00 00:00:00","2015-06-15 08:05:38",586,"0000-00-00 00:00:00","0000-00-00 00:00:00",GRIP,,
113,,42,,SPG-39,en-spg39,,,,0.00,0.00,,1,,,,1,2,,4,"{""show_contact_form"":"""",""comments"":"""",""price_restrict"":"""",""show_image_item"":"""",""show_category_name_item"":"""",""show_producer_name_item"":"""",""show_price_item"":"""",""show_old_price_item"":"""",""show_author_item"":"""",""show_hits_item"":"""",""show_date_item"":"""",""show_publishdate_item"":"""",""items_show_cart_button_item"":"""",""show_intro_desc_item"":"""",""show_navigation"":"""",""related_items_columns"":"""",""related_items_count"":""""}",,"0000-00-00 00:00:00","2015-06-08 03:23:06",586,"0000-00-00 00:00:00","0000-00-00 00:00:00",GRIP,,
276,,42,,SPG-42,en-spg-42,,,,0.00,0.00,,1,,,,1,16,,,"{""show_contact_form"":"""",""comments"":"""",""price_restrict"":"""",""show_image_item"":"""",""show_category_name_item"":"""",""show_producer_name_item"":"""",""show_price_item"":"""",""show_old_price_item"":"""",""show_author_item"":"""",""show_hits_item"":"""",""show_date_item"":"""",""show_publishdate_item"":"""",""items_show_cart_button_item"":"""",""show_intro_desc_item"":"""",""show_navigation"":"""",""related_items_columns"":"""",""related_items_count"":""""}",,"0000-00-00 00:00:00","2015-06-15 07:53:06",586,"0000-00-00 00:00:00","0000-00-00 00:00:00",GRIP,,
318,,42,,SPG-43,en-spg-43,,,,0.00,0.00,,1,,,,1,29,1,5,"{""show_contact_form"":"""",""comments"":"""",""price_restrict"":"""",""show_image_item"":"""",""show_category_name_item"":"""",""show_producer_name_item"":"""",""show_price_item"":"""",""show_old_price_item"":"""",""show_author_item"":"""",""show_hits_item"":"""",""show_date_item"":"""",""show_publishdate_item"":"""",""items_show_cart_button_item"":"""",""show_intro_desc_item"":"""",""show_navigation"":"""",""related_items_columns"":"""",""related_items_count"":""""}",,"0000-00-00 00:00:00","2015-06-15 09:10:11",586,"0000-00-00 00:00:00","0000-00-00 00:00:00",GRIP,,
151,,42,,SPG-BMX02,en-spg-bmx02,,,,0.00,0.00,,1,,,,1,6,,2,"{""show_contact_form"":"""",""comments"":"""",""price_restrict"":"""",""show_image_item"":"""",""show_category_name_item"":"""",""show_producer_name_item"":"""",""show_price_item"":"""",""show_old_price_item"":"""",""show_author_item"":"""",""show_hits_item"":"""",""show_date_item"":"""",""show_publishdate_item"":"""",""items_show_cart_button_item"":"""",""show_intro_desc_item"":"""",""show_navigation"":"""",""related_items_columns"":"""",""related_items_count"":""""}",,"0000-00-00 00:00:00","2015-06-09 03:21:46",586,"0000-00-00 00:00:00","0000-00-00 00:00:00",GRIP,,
153,,42,,SPG-BMX03,en-spg-bmx03,,,,0.00,0.00,,1,,,,1,7,,,"{""show_contact_form"":"""",""comments"":"""",""price_restrict"":"""",""show_image_item"":"""",""show_category_name_item"":"""",""show_producer_name_item"":"""",""show_price_item"":"""",""show_old_price_item"":"""",""show_author_item"":"""",""show_hits_item"":"""",""show_date_item"":"""",""show_publishdate_item"":"""",""items_show_cart_button_item"":"""",""show_intro_desc_item"":"""",""show_navigation"":"""",""related_items_columns"":"""",""related_items_count"":""""}",586,"2015-06-09 03:25:20","2015-06-09 03:24:15",586,"0000-00-00 00:00:00","0000-00-00 00:00:00",GRIP,,sapience
264,,42,,SPG-BMX06,en-spg-bmx06,,,,0.00,0.00,,1,,,,1,10,,,"{""show_contact_form"":"""",""comments"":"""",""price_restrict"":"""",""show_image_item"":"""",""show_category_name_item"":"""",""show_producer_name_item"":"""",""show_price_item"":"""",""show_old_price_item"":"""",""show_author_item"":"""",""show_hits_item"":"""",""show_date_item"":"""",""show_publishdate_item"":"""",""items_show_cart_button_item"":"""",""show_intro_desc_item"":"""",""show_navigation"":"""",""related_items_columns"":"""",""related_items_count"":""""}",,"0000-00-00 00:00:00","2015-06-15 06:41:35",586,"0000-00-00 00:00:00","0000-00-00 00:00:00",GRIP,,
155,,42,,SPG-BMX08,en-spg-bmx08,,,,0.00,0.00,,1,,,,1,8,,,"{""show_contact_form"":"""",""comments"":"""",""price_restrict"":"""",""show_image_item"":"""",""show_category_name_item"":"""",""show_producer_name_item"":"""",""show_price_item"":"""",""show_old_price_item"":"""",""show_author_item"":"""",""show_hits_item"":"""",""show_date_item"":"""",""show_publishdate_item"":"""",""items_show_cart_button_item"":"""",""show_intro_desc_item"":"""",""show_navigation"":"""",""related_items_columns"":"""",""related_items_count"":""""}",,"0000-00-00 00:00:00","2015-06-09 03:27:51",586,"0000-00-00 00:00:00","0000-00-00 00:00:00",GRIP,,
157,,42,,SPG-BMX09,en-spg-bmx09,,,,0.00,0.00,,1,,,,1,9,,,"{""show_contact_form"":"""",""comments"":"""",""price_restrict"":"""",""show_image_item"":"""",""show_category_name_item"":"""",""show_producer_name_item"":"""",""show_price_item"":"""",""show_old_price_item"":"""",""show_author_item"":"""",""show_hits_item"":"""",""show_date_item"":"""",""show_publishdate_item"":"""",""items_show_cart_button_item"":"""",""show_intro_desc_item"":"""",""show_navigation"":"""",""related_items_columns"":"""",""related_items_count"":""""}",,"0000-00-00 00:00:00","2015-06-09 03:30:46",586,"0000-00-00 00:00:00","0000-00-00 00:00:00",GRIP,,
141,,42,,SPG-BMX37,en-spg-bmx37,,,,0.00,0.00,,1,,,,1,4,,2,"{""show_contact_form"":"""",""comments"":"""",""price_restrict"":"""",""show_image_item"":"""",""show_category_name_item"":"""",""show_producer_name_item"":"""",""show_price_item"":"""",""show_old_price_item"":"""",""show_author_item"":"""",""show_hits_item"":"""",""show_date_item"":"""",""show_publishdate_item"":"""",""items_show_cart_button_item"":"""",""show_intro_desc_item"":"""",""show_navigation"":"""",""related_items_columns"":"""",""related_items_count"":""""}",,"0000-00-00 00:00:00","2015-06-08 15:03:07",586,"0000-00-00 00:00:00","0000-00-00 00:00:00",GRIP,,
143,,42,,SPG-BMX38,en-spg-bmx8,,,,0.00,0.00,,1,,,,1,5,1,,"{""show_contact_form"":"""",""comments"":"""",""price_restrict"":"""",""show_image_item"":"""",""show_category_name_item"":"""",""show_producer_name_item"":"""",""show_price_item"":"""",""show_old_price_item"":"""",""show_author_item"":"""",""show_hits_item"":"""",""show_date_item"":"""",""show_publishdate_item"":"""",""items_show_cart_button_item"":"""",""show_intro_desc_item"":"""",""show_navigation"":"""",""related_items_columns"":"""",""related_items_count"":""""}",,"0000-00-00 00:00:00","2015-06-08 15:05:24",586,"0000-00-00 00:00:00","0000-00-00 00:00:00",GRIP,,
286,,42,,SPG-U03,en-spg-u03,,,,0.00,0.00,,1,,,,1,21,,,"{""show_contact_form"":"""",""comments"":"""",""price_restrict"":"""",""show_image_item"":"""",""show_category_name_item"":"""",""show_producer_name_item"":"""",""show_price_item"":"""",""show_old_price_item"":"""",""show_author_item"":"""",""show_hits_item"":"""",""show_date_item"":"""",""show_publishdate_item"":"""",""items_show_cart_button_item"":"""",""show_intro_desc_item"":"""",""show_navigation"":"""",""related_items_columns"":"""",""related_items_count"":""""}",,"0000-00-00 00:00:00","2015-06-15 08:03:18",586,"0000-00-00 00:00:00","0000-00-00 00:00:00",GRIP,,
262,,46,,SPH-004,en-sph-004,,,,0.00,0.00,,1,,,,1,12,,,"{""show_contact_form"":"""",""comments"":"""",""price_restrict"":"""",""show_image_item"":"""",""show_category_name_item"":"""",""show_producer_name_item"":"""",""show_price_item"":"""",""show_old_price_item"":"""",""show_author_item"":"""",""show_hits_item"":"""",""show_date_item"":"""",""show_publishdate_item"":"""",""items_show_cart_button_item"":"""",""show_intro_desc_item"":"""",""show_navigation"":"""",""related_items_columns"":"""",""related_items_count"":""""}",,"0000-00-00 00:00:00","2015-06-15 06:01:29",586,"0000-00-00 00:00:00","0000-00-00 00:00:00","GEAR HANGHER",,
260,,46,,SPH-006,en-sph-006,,,,0.00,0.00,,1,,,,1,11,,1,"{""show_contact_form"":"""",""comments"":"""",""price_restrict"":"""",""show_image_item"":"""",""show_category_name_item"":"""",""show_producer_name_item"":"""",""show_price_item"":"""",""show_old_price_item"":"""",""show_author_item"":"""",""show_hits_item"":"""",""show_date_item"":"""",""show_publishdate_item"":"""",""items_show_cart_button_item"":"""",""show_intro_desc_item"":"""",""show_navigation"":"""",""related_items_columns"":"""",""related_items_count"":""""}",,"0000-00-00 00:00:00","2015-06-15 05:59:54",586,"0000-00-00 00:00:00","0000-00-00 00:00:00","GEAR HANGHER",,
258,,46,,SPH-010,en-sph-010,,,,0.00,0.00,,1,,,,1,10,,,"{""show_contact_form"":"""",""comments"":"""",""price_restrict"":"""",""show_image_item"":"""",""show_category_name_item"":"""",""show_producer_name_item"":"""",""show_price_item"":"""",""show_old_price_item"":"""",""show_author_item"":"""",""show_hits_item"":"""",""show_date_item"":"""",""show_publishdate_item"":"""",""items_show_cart_button_item"":"""",""show_intro_desc_item"":"""",""show_navigation"":"""",""related_items_columns"":"""",""related_items_count"":""""}",,"0000-00-00 00:00:00","2015-06-15 05:57:32",586,"0000-00-00 00:00:00","0000-00-00 00:00:00","GEAR HANGHER",,
256,,46,,SPH-011,en-sph-011,,,,0.00,0.00,,1,,,,1,9,,,"{""show_contact_form"":"""",""comments"":"""",""price_restrict"":"""",""show_image_item"":"""",""show_category_name_item"":"""",""show_producer_name_item"":"""",""show_price_item"":"""",""show_old_price_item"":"""",""show_author_item"":"""",""show_hits_item"":"""",""show_date_item"":"""",""show_publishdate_item"":"""",""items_show_cart_button_item"":"""",""show_intro_desc_item"":"""",""show_navigation"":"""",""related_items_columns"":"""",""related_items_count"":""""}",,"0000-00-00 00:00:00","2015-06-15 05:54:29",586,"0000-00-00 00:00:00","0000-00-00 00:00:00","GEAR HANGHER",,
253,,46,,SPH-014,en-sph-014,,,,0.00,0.00,,1,,,,1,7,,,"{""show_contact_form"":"""",""comments"":"""",""price_restrict"":"""",""show_image_item"":"""",""show_category_name_item"":"""",""show_producer_name_item"":"""",""show_price_item"":"""",""show_old_price_item"":"""",""show_author_item"":"""",""show_hits_item"":"""",""show_date_item"":"""",""show_publishdate_item"":"""",""items_show_cart_button_item"":"""",""show_intro_desc_item"":"""",""show_navigation"":"""",""related_items_columns"":"""",""related_items_count"":""""}",,"0000-00-00 00:00:00","2015-06-15 05:50:10",586,"0000-00-00 00:00:00","0000-00-00 00:00:00","GEAR HANGHER",,
251,,46,,SPH-029,en-sph-029,,,,0.00,0.00,,1,,,,1,6,,1,"{""show_contact_form"":"""",""comments"":"""",""price_restrict"":"""",""show_image_item"":"""",""show_category_name_item"":"""",""show_producer_name_item"":"""",""show_price_item"":"""",""show_old_price_item"":"""",""show_author_item"":"""",""show_hits_item"":"""",""show_date_item"":"""",""show_publishdate_item"":"""",""items_show_cart_button_item"":"""",""show_intro_desc_item"":"""",""show_navigation"":"""",""related_items_columns"":"""",""related_items_count"":""""}",,"0000-00-00 00:00:00","2015-06-15 05:48:04",586,"0000-00-00 00:00:00","0000-00-00 00:00:00","GEAR HANGHER",,
249,,46,,SPH-037,en-sph-037,,,,0.00,0.00,,1,,,,1,5,,1,"{""show_contact_form"":"""",""comments"":"""",""price_restrict"":"""",""show_image_item"":"""",""show_category_name_item"":"""",""show_producer_name_item"":"""",""show_price_item"":"""",""show_old_price_item"":"""",""show_author_item"":"""",""show_hits_item"":"""",""show_date_item"":"""",""show_publishdate_item"":"""",""items_show_cart_button_item"":"""",""show_intro_desc_item"":"""",""show_navigation"":"""",""related_items_columns"":"""",""related_items_count"":""""}",586,"2015-06-15 05:45:23","2015-06-15 05:44:38",586,"0000-00-00 00:00:00","0000-00-00 00:00:00","GEAR HANGHER",,sapience
247,,46,,SPH-039,en-sph-039,,,,0.00,0.00,,1,,,,1,4,,,"{""show_contact_form"":"""",""comments"":"""",""price_restrict"":"""",""show_image_item"":"""",""show_category_name_item"":"""",""show_producer_name_item"":"""",""show_price_item"":"""",""show_old_price_item"":"""",""show_author_item"":"""",""show_hits_item"":"""",""show_date_item"":"""",""show_publishdate_item"":"""",""items_show_cart_button_item"":"""",""show_intro_desc_item"":"""",""show_navigation"":"""",""related_items_columns"":"""",""related_items_count"":""""}",,"0000-00-00 00:00:00","2015-06-15 05:42:38",586,"0000-00-00 00:00:00","0000-00-00 00:00:00","GEAR HANGHER",,
245,,46,,SPH-044,en-sph-044,,,,0.00,0.00,,1,,,,1,3,,,"{""show_contact_form"":"""",""comments"":"""",""price_restrict"":"""",""show_image_item"":"""",""show_category_name_item"":"""",""show_producer_name_item"":"""",""show_price_item"":"""",""show_old_price_item"":"""",""show_author_item"":"""",""show_hits_item"":"""",""show_date_item"":"""",""show_publishdate_item"":"""",""items_show_cart_button_item"":"""",""show_intro_desc_item"":"""",""show_navigation"":"""",""related_items_columns"":"""",""related_items_count"":""""}",,"0000-00-00 00:00:00","2015-06-15 05:39:58",586,"0000-00-00 00:00:00","0000-00-00 00:00:00","GEAR HANGHER",,
243,,46,,SPH-084,en-sph-084,,,,0.00,0.00,,1,,,,1,2,,1,"{""show_contact_form"":"""",""comments"":"""",""price_restrict"":"""",""show_image_item"":"""",""show_category_name_item"":"""",""show_producer_name_item"":"""",""show_price_item"":"""",""show_old_price_item"":"""",""show_author_item"":"""",""show_hits_item"":"""",""show_date_item"":"""",""show_publishdate_item"":"""",""items_show_cart_button_item"":"""",""show_intro_desc_item"":"""",""show_navigation"":"""",""related_items_columns"":"""",""related_items_count"":""""}",,"0000-00-00 00:00:00","2015-06-15 05:38:31",586,"0000-00-00 00:00:00","0000-00-00 00:00:00","GEAR HANGHER",,
179,,46,,SPH-100,en-sph-100,,,,0.00,0.00,,1,,,,1,1,,1,"{""show_contact_form"":"""",""comments"":"""",""price_restrict"":"""",""show_image_item"":"""",""show_category_name_item"":"""",""show_producer_name_item"":"""",""show_price_item"":"""",""show_old_price_item"":"""",""show_author_item"":"""",""show_hits_item"":"""",""show_date_item"":"""",""show_publishdate_item"":"""",""items_show_cart_button_item"":"""",""show_intro_desc_item"":"""",""show_navigation"":"""",""related_items_columns"":"""",""related_items_count"":""""}",,"0000-00-00 00:00:00","2015-06-11 05:22:58",586,"0000-00-00 00:00:00","0000-00-00 00:00:00","GEAR HANGHER",,
171,,44,,SPT-003,en-st-003,,,,0.00,0.00,,1,,,,1,5,,2,"{""show_contact_form"":"""",""comments"":"""",""price_restrict"":"""",""show_image_item"":"""",""show_category_name_item"":"""",""show_producer_name_item"":"""",""show_price_item"":"""",""show_old_price_item"":"""",""show_author_item"":"""",""show_hits_item"":"""",""show_date_item"":"""",""show_publishdate_item"":"""",""items_show_cart_button_item"":"""",""show_intro_desc_item"":"""",""show_navigation"":"""",""related_items_columns"":"""",""related_items_count"":""""}",,"0000-00-00 00:00:00","2015-06-09 05:56:24",586,"0000-00-00 00:00:00","0000-00-00 00:00:00","BAR TAPE",,
169,,44,,SPT-005,en-spt-005,,,,0.00,0.00,,1,,,,1,4,,,"{""show_contact_form"":"""",""comments"":"""",""price_restrict"":"""",""show_image_item"":"""",""show_category_name_item"":"""",""show_producer_name_item"":"""",""show_price_item"":"""",""show_old_price_item"":"""",""show_author_item"":"""",""show_hits_item"":"""",""show_date_item"":"""",""show_publishdate_item"":"""",""items_show_cart_button_item"":"""",""show_intro_desc_item"":"""",""show_navigation"":"""",""related_items_columns"":"""",""related_items_count"":""""}",,"0000-00-00 00:00:00","2015-06-09 05:50:35",586,"0000-00-00 00:00:00","0000-00-00 00:00:00","BAR TAPE",,
159,,44,,SPT-006,en-spt-006,,,,0.00,0.00,,1,,,,1,1,,1,"{""show_contact_form"":"""",""comments"":"""",""price_restrict"":"""",""show_image_item"":"""",""show_category_name_item"":"""",""show_producer_name_item"":"""",""show_price_item"":"""",""show_old_price_item"":"""",""show_author_item"":"""",""show_hits_item"":"""",""show_date_item"":"""",""show_publishdate_item"":"""",""items_show_cart_button_item"":"""",""show_intro_desc_item"":"""",""show_navigation"":"""",""related_items_columns"":"""",""related_items_count"":""""}",,"0000-00-00 00:00:00","2015-06-09 04:05:37",586,"0000-00-00 00:00:00","0000-00-00 00:00:00","BAR TAPE",,
167,,44,,SPT-007,en-spt-007,,,,0.00,0.00,,1,,,,1,3,,,"{""show_contact_form"":"""",""comments"":"""",""price_restrict"":"""",""show_image_item"":"""",""show_category_name_item"":"""",""show_producer_name_item"":"""",""show_price_item"":"""",""show_old_price_item"":"""",""show_author_item"":"""",""show_hits_item"":"""",""show_date_item"":"""",""show_publishdate_item"":"""",""items_show_cart_button_item"":"""",""show_intro_desc_item"":"""",""show_navigation"":"""",""related_items_columns"":"""",""related_items_count"":""""}",,"0000-00-00 00:00:00","2015-06-09 05:48:18",586,"0000-00-00 00:00:00","0000-00-00 00:00:00","BAR TAPE",,
165,,44,,SPT-008,en-spt-008,,,,0.00,0.00,,1,,,,1,2,,,"{""show_contact_form"":"""",""comments"":"""",""price_restrict"":"""",""show_image_item"":"""",""show_category_name_item"":"""",""show_producer_name_item"":"""",""show_price_item"":"""",""show_old_price_item"":"""",""show_author_item"":"""",""show_hits_item"":"""",""show_date_item"":"""",""show_publishdate_item"":"""",""items_show_cart_button_item"":"""",""show_intro_desc_item"":"""",""show_navigation"":"""",""related_items_columns"":"""",""related_items_count"":""""}",,"0000-00-00 00:00:00","2015-06-09 05:46:08",586,"0000-00-00 00:00:00","0000-00-00 00:00:00","BAR TAPE",,
95,,27,,"WEAVE SERIES",en-weave-series,,"<p>SAPIENCE HIGH QUALITY OUTER CABLE-WEAVE SERIES </p>
<p>SILICONE OIL INJECTION </p>
<p> </p>
<p>*SAPIENCE BRAKE OUTER CABLE: 5mm. </p>
<p>*SAPIENCE DERAILLEUR OUTER CABLE: 4.5mm. </p>
<p> </p>
<p>EXCELLENT QUALITY WITH COLORFUL OPTION. </p>
<p>EN STANDARD. </p>
<p> </p>
<p>AM PACKING:50M/BOX OR 30M/BOX </p>
<p> </p>
<p>OEM PACKING:500M/ROLL</p>",,0.00,0.00,,1,,,,1,4,,,"{""show_contact_form"":"""",""comments"":"""",""price_restrict"":"""",""show_image_item"":"""",""show_category_name_item"":"""",""show_producer_name_item"":"""",""show_price_item"":"""",""show_old_price_item"":"""",""show_author_item"":"""",""show_hits_item"":"""",""show_date_item"":"""",""show_publishdate_item"":"""",""items_show_cart_button_item"":"""",""show_intro_desc_item"":"""",""show_navigation"":"""",""related_items_columns"":"""",""related_items_count"":""""}",,"0000-00-00 00:00:00","2015-04-24 08:21:28",584,"0000-00-00 00:00:00","0000-00-00 00:00:00","OUTER & INNER CABLE",,
163,,37,,YBAG-106,en-ybag-106,,,,0.00,0.00,,1,,,,1,4,,1,"{""show_contact_form"":"""",""comments"":"""",""price_restrict"":"""",""show_image_item"":"""",""show_category_name_item"":"""",""show_producer_name_item"":"""",""show_price_item"":"""",""show_old_price_item"":"""",""show_author_item"":"""",""show_hits_item"":"""",""show_date_item"":"""",""show_publishdate_item"":"""",""items_show_cart_button_item"":"""",""show_intro_desc_item"":"""",""show_navigation"":"""",""related_items_columns"":"""",""related_items_count"":""""}",,"0000-00-00 00:00:00","2015-06-09 05:20:18",586,"0000-00-00 00:00:00","0000-00-00 00:00:00",BAG,,
161,,37,,YBAG-110,en-ybag-110,,,,0.00,0.00,,1,,,,1,3,,1,"{""show_contact_form"":"""",""comments"":"""",""price_restrict"":"""",""show_image_item"":"""",""show_category_name_item"":"""",""show_producer_name_item"":"""",""show_price_item"":"""",""show_old_price_item"":"""",""show_author_item"":"""",""show_hits_item"":"""",""show_date_item"":"""",""show_publishdate_item"":"""",""items_show_cart_button_item"":"""",""show_intro_desc_item"":"""",""show_navigation"":"""",""related_items_columns"":"""",""related_items_count"":""""}",,"0000-00-00 00:00:00","2015-06-09 05:16:44",586,"0000-00-00 00:00:00","0000-00-00 00:00:00",BAG,,
137,,37,,YBAG-111,en-ybag-111,,,,0.00,0.00,,1,,,,1,2,,7,"{""show_contact_form"":"""",""comments"":"""",""price_restrict"":"""",""show_image_item"":"""",""show_category_name_item"":"""",""show_producer_name_item"":"""",""show_price_item"":"""",""show_old_price_item"":"""",""show_author_item"":"""",""show_hits_item"":"""",""show_date_item"":"""",""show_publishdate_item"":"""",""items_show_cart_button_item"":"""",""show_intro_desc_item"":"""",""show_navigation"":"""",""related_items_columns"":"""",""related_items_count"":""""}",,"0000-00-00 00:00:00","2015-06-08 09:10:34",586,"0000-00-00 00:00:00","0000-00-00 00:00:00",BAG,,
241,,37,,YBAG-115,en-ybag-115,,,,0.00,0.00,,1,,,,1,6,,,"{""show_contact_form"":"""",""comments"":"""",""price_restrict"":"""",""show_image_item"":"""",""show_category_name_item"":"""",""show_producer_name_item"":"""",""show_price_item"":"""",""show_old_price_item"":"""",""show_author_item"":"""",""show_hits_item"":"""",""show_date_item"":"""",""show_publishdate_item"":"""",""items_show_cart_button_item"":"""",""show_intro_desc_item"":"""",""show_navigation"":"""",""related_items_columns"":"""",""related_items_count"":""""}",,"0000-00-00 00:00:00","2015-06-13 04:04:28",586,"0000-00-00 00:00:00","0000-00-00 00:00:00",BAG,,
149,,37,,YBAG-402,en-ybag-402,,,,0.00,0.00,,1,,,,1,1,,3,"{""show_contact_form"":"""",""comments"":"""",""price_restrict"":"""",""show_image_item"":"""",""show_category_name_item"":"""",""show_producer_name_item"":"""",""show_price_item"":"""",""show_old_price_item"":"""",""show_author_item"":"""",""show_hits_item"":"""",""show_date_item"":"""",""show_publishdate_item"":"""",""items_show_cart_button_item"":"""",""show_intro_desc_item"":"""",""show_navigation"":"""",""related_items_columns"":"""",""related_items_count"":""""}",,"0000-00-00 00:00:00","2015-06-09 03:00:48",586,"0000-00-00 00:00:00","0000-00-00 00:00:00",BAG,,
326,,48,,YBC-304,en-ybc-304,,,,0.00,0.00,,1,,,,1,5,,,"{""show_contact_form"":"""",""comments"":"""",""price_restrict"":"""",""show_image_item"":"""",""show_category_name_item"":"""",""show_producer_name_item"":"""",""show_price_item"":"""",""show_old_price_item"":"""",""show_author_item"":"""",""show_hits_item"":"""",""show_date_item"":"""",""show_publishdate_item"":"""",""items_show_cart_button_item"":"""",""show_intro_desc_item"":"""",""show_navigation"":"""",""related_items_columns"":"""",""related_items_count"":""""}",,"0000-00-00 00:00:00","2015-06-29 06:09:10",586,"0000-00-00 00:00:00","0000-00-00 00:00:00","BOTTLE & CAGE",,
328,,48,,YBC-306,en-ybc-306,,,,0.00,0.00,,1,,,,1,6,,,"{""show_contact_form"":"""",""comments"":"""",""price_restrict"":"""",""show_image_item"":"""",""show_category_name_item"":"""",""show_producer_name_item"":"""",""show_price_item"":"""",""show_old_price_item"":"""",""show_author_item"":"""",""show_hits_item"":"""",""show_date_item"":"""",""show_publishdate_item"":"""",""items_show_cart_button_item"":"""",""show_intro_desc_item"":"""",""show_navigation"":"""",""related_items_columns"":"""",""related_items_count"":""""}",,"0000-00-00 00:00:00","2015-06-29 06:10:54",586,"0000-00-00 00:00:00","0000-00-00 00:00:00","BOTTLE & CAGE",,
330,,48,,YBC-307,en-ybc-307,,,,0.00,0.00,,1,,,,1,7,,,"{""show_contact_form"":"""",""comments"":"""",""price_restrict"":"""",""show_image_item"":"""",""show_category_name_item"":"""",""show_producer_name_item"":"""",""show_price_item"":"""",""show_old_price_item"":"""",""show_author_item"":"""",""show_hits_item"":"""",""show_date_item"":"""",""show_publishdate_item"":"""",""items_show_cart_button_item"":"""",""show_intro_desc_item"":"""",""show_navigation"":"""",""related_items_columns"":"""",""related_items_count"":""""}",,"0000-00-00 00:00:00","2015-06-29 06:13:16",586,"0000-00-00 00:00:00","0000-00-00 00:00:00","BOTTLE & CAGE",,
324,,48,,YBC-503,en-ybc-503,,,,0.00,0.00,,1,,,,1,4,,,"{""show_contact_form"":"""",""comments"":"""",""price_restrict"":"""",""show_image_item"":"""",""show_category_name_item"":"""",""show_producer_name_item"":"""",""show_price_item"":"""",""show_old_price_item"":"""",""show_author_item"":"""",""show_hits_item"":"""",""show_date_item"":"""",""show_publishdate_item"":"""",""items_show_cart_button_item"":"""",""show_intro_desc_item"":"""",""show_navigation"":"""",""related_items_columns"":"""",""related_items_count"":""""}",,"0000-00-00 00:00:00","2015-06-29 06:05:55",586,"0000-00-00 00:00:00","0000-00-00 00:00:00","BOTTLE & CAGE",,
86,,24,,YLHP-10,en-ylhp-10,,"<p>SAPIENCE ALLOY SEMI-INTEGRATED HEAD SET. </p>
<p>SEALED BEARING. </p>
<p>THREDLESS. </p>
<p>SIZE:Ø 28.6mm X 44mm X 56mm X 39.8mm </p>
<p>SAPIENCE AM PACKING. </p>
<p> </p>
<p>COLOR OPTION:BLACK/GOLD/RED/BLUE/GREEN</p>",,0.00,0.00,,1,,,,1,1,,11,"{""show_contact_form"":"""",""comments"":"""",""price_restrict"":"""",""show_image_item"":"""",""show_category_name_item"":"""",""show_producer_name_item"":"""",""show_price_item"":"""",""show_old_price_item"":"""",""show_author_item"":"""",""show_hits_item"":"""",""show_date_item"":"""",""show_publishdate_item"":"""",""items_show_cart_button_item"":"""",""show_intro_desc_item"":"""",""show_navigation"":"""",""related_items_columns"":"""",""related_items_count"":""""}",,"0000-00-00 00:00:00","2015-04-24 08:21:28",584,"0000-00-00 00:00:00","0000-00-00 00:00:00",HEADSET,,
87,,24,,YLHP-11,en-ylhp-11,,"<p>SAPIENCE ALLOY INTEGRATED HEAD SET. </p>
<p>SEALED BEARING. </p>
<p>THREDLESS. </p>
<p>SIZE:Ø 28.6mm X 41.8mm X 52mm X 39.8mm </p>
<p>SAPIENCE AM PACKING. </p>
<p> </p>
<p>COLOR OPTION:BLACK/GOLD/RED/BLUE/GREEN</p>",,0.00,0.00,,1,,,,1,2,,10,"{""show_contact_form"":"""",""comments"":"""",""price_restrict"":"""",""show_image_item"":"""",""show_category_name_item"":"""",""show_producer_name_item"":"""",""show_price_item"":"""",""show_old_price_item"":"""",""show_author_item"":"""",""show_hits_item"":"""",""show_date_item"":"""",""show_publishdate_item"":"""",""items_show_cart_button_item"":"""",""show_intro_desc_item"":"""",""show_navigation"":"""",""related_items_columns"":"""",""related_items_count"":""""}",,"0000-00-00 00:00:00","2015-04-24 08:21:28",584,"0000-00-00 00:00:00","0000-00-00 00:00:00",HEADSET,,
125,,24,,YLHP-12,en-ylhp-12,,,,0.00,0.00,,1,,,,1,3,,1,"{""show_contact_form"":"""",""comments"":"""",""price_restrict"":"""",""show_image_item"":"""",""show_category_name_item"":"""",""show_producer_name_item"":"""",""show_price_item"":"""",""show_old_price_item"":"""",""show_author_item"":"""",""show_hits_item"":"""",""show_date_item"":"""",""show_publishdate_item"":"""",""items_show_cart_button_item"":"""",""show_intro_desc_item"":"""",""show_navigation"":"""",""related_items_columns"":"""",""related_items_count"":""""}",,"0000-00-00 00:00:00","2015-06-08 06:44:24",586,"0000-00-00 00:00:00","0000-00-00 00:00:00",HEADSET,,
88,,25,,YP-101,en-yp-101,,"<p>SAPIENCE ALLOY PEDAL. </p>
<p>CR-MO AXLE:9/16” </p>
<p>W/BALL. </p>
<p>W/CATEYE REFLECTER. </p>
<p>SAPIENCE AM PACKING.</p>",,0.00,0.00,,1,,,,1,1,,3,"{""show_contact_form"":"""",""comments"":"""",""price_restrict"":"""",""show_image_item"":"""",""show_category_name_item"":"""",""show_producer_name_item"":"""",""show_price_item"":"""",""show_old_price_item"":"""",""show_author_item"":"""",""show_hits_item"":"""",""show_date_item"":"""",""show_publishdate_item"":"""",""items_show_cart_button_item"":"""",""show_intro_desc_item"":"""",""show_navigation"":"""",""related_items_columns"":"""",""related_items_count"":""""}",,"0000-00-00 00:00:00","2015-04-24 08:21:28",584,"0000-00-00 00:00:00","0000-00-00 00:00:00",PEDAL,,
89,,25,,YP-102,en-yp-102,,"<p>Sapience Alloy CNC Pedal.</p>
<p>CR-MO AXLE.</p>
<p>2 SEAL BEARING.</p>
<p>Weight: 269g.</p>
<p>Size: 83mmX73mm</p>
<p>Color: <span style=""line-height: 1.3em;"">BLACK/RED/BLUE/GOLD/GREY.</span></p>
<p>SUGGEST:  MTB / City / Race</p>",,0.00,0.00,,1,,,,1,2,,4,"{""show_contact_form"":"""",""comments"":"""",""price_restrict"":"""",""show_image_item"":"""",""show_category_name_item"":"""",""show_producer_name_item"":"""",""show_price_item"":"""",""show_old_price_item"":"""",""show_author_item"":"""",""show_hits_item"":"""",""show_date_item"":"""",""show_publishdate_item"":"""",""items_show_cart_button_item"":"""",""show_intro_desc_item"":"""",""show_navigation"":"""",""related_items_columns"":"""",""related_items_count"":""""}",,"0000-00-00 00:00:00","2015-04-24 08:21:28",584,"0000-00-00 00:00:00","0000-00-00 00:00:00",PEDAL,,
90,,25,,YP-103,en-yp-103,,"<p>ALLOY CNC PEDAL.</p>",,0.00,0.00,,1,,,,1,3,,2,"{""show_contact_form"":"""",""comments"":"""",""price_restrict"":"""",""show_image_item"":"""",""show_category_name_item"":"""",""show_producer_name_item"":"""",""show_price_item"":"""",""show_old_price_item"":"""",""show_author_item"":"""",""show_hits_item"":"""",""show_date_item"":"""",""show_publishdate_item"":"""",""items_show_cart_button_item"":"""",""show_intro_desc_item"":"""",""show_navigation"":"""",""related_items_columns"":"""",""related_items_count"":""""}",,"0000-00-00 00:00:00","2015-04-24 08:21:28",584,"0000-00-00 00:00:00","0000-00-00 00:00:00",PEDAL,,
91,,25,,YP-104,en-yp-104,,"<p>SAPIENCE ALLOY CNC PEDAL. </p>
<p>CR-MO AXLE. </p>
<p>2 SEAL BEARING. </p>
<p>247g. </p>
<p>SIZE:75mmX63mm </p>
<p>SUGGEST: MTB /RACE/ MINI VELO </p>
<p>SAPIENCE AM PACKING. </p>
<p>COLOR OPTION:BLACK/WHITE/GREY/GOLD/TI/RED</p>",,0.00,0.00,,1,,,,1,4,,8,"{""show_contact_form"":"""",""comments"":"""",""price_restrict"":"""",""show_image_item"":"""",""show_category_name_item"":"""",""show_producer_name_item"":"""",""show_price_item"":"""",""show_old_price_item"":"""",""show_author_item"":"""",""show_hits_item"":"""",""show_date_item"":"""",""show_publishdate_item"":"""",""items_show_cart_button_item"":"""",""show_intro_desc_item"":"""",""show_navigation"":"""",""related_items_columns"":"""",""related_items_count"":""""}",,"0000-00-00 00:00:00","2015-04-24 08:21:28",584,"0000-00-00 00:00:00","0000-00-00 00:00:00",PEDAL,,
107,,25,,YP-105,en-yp-105,,"<p>Sapience Alloy CNC Pedal.</p>
<p>CR-MO AXLE.</p>
<p>2 SEAL BEARING.</p>
<p>Weight: 278g.</p>
<p>Size: 83mmX74mm</p>
<p>Color:BLACK / RED.</p>
<p>SUGGEST:MTB / CITY</p>",,0.00,0.00,,1,,,,1,5,,6,"{""show_contact_form"":"""",""comments"":"""",""price_restrict"":"""",""show_image_item"":"""",""show_category_name_item"":"""",""show_producer_name_item"":"""",""show_price_item"":"""",""show_old_price_item"":"""",""show_author_item"":"""",""show_hits_item"":"""",""show_date_item"":"""",""show_publishdate_item"":"""",""items_show_cart_button_item"":"""",""show_intro_desc_item"":"""",""show_navigation"":"""",""related_items_columns"":"""",""related_items_count"":""""}",,"0000-00-00 00:00:00","2015-06-05 12:31:37",586,"0000-00-00 00:00:00","0000-00-00 00:00:00",PEDAL,,
177,,25,,YP-108,en-yp-108,,"<p>Sapience Alloy CNC Pedal.</p>
<p>CR-MO AXLE.</p>
<p>2 SEAL BEARING.</p>
<p>Weight: 477g.</p>
<p>Size: 98mmX107mm</p>
<p>Color: Black.</p>
<p>SUGGEST:  BMX /DOWN HILL/MTB</p>",,0.00,0.00,,1,,,,1,12,,1,"{""show_contact_form"":"""",""comments"":"""",""price_restrict"":"""",""show_image_item"":"""",""show_category_name_item"":"""",""show_producer_name_item"":"""",""show_price_item"":"""",""show_old_price_item"":"""",""show_author_item"":"""",""show_hits_item"":"""",""show_date_item"":"""",""show_publishdate_item"":"""",""items_show_cart_button_item"":"""",""show_intro_desc_item"":"""",""show_navigation"":"""",""related_items_columns"":"""",""related_items_count"":""""}",,"0000-00-00 00:00:00","2015-06-11 05:17:30",586,"0000-00-00 00:00:00","0000-00-00 00:00:00",PEDAL,,
131,,25,,YP-109,en-yp-109,,"<p>Sapience Alloy CNC Pedal.</p>
<p>CR-MO AXLE.</p>
<p>2 SEAL BEARING.</p>
<p>Weight: 366g.</p>
<p>Size: 95mmX90mm</p>
<p>Color: Black.</p>
<p>SUGGEST:  MTB / City</p>",,0.00,0.00,,1,,,,1,8,,3,"{""show_contact_form"":"""",""comments"":"""",""price_restrict"":"""",""show_image_item"":"""",""show_category_name_item"":"""",""show_producer_name_item"":"""",""show_price_item"":"""",""show_old_price_item"":"""",""show_author_item"":"""",""show_hits_item"":"""",""show_date_item"":"""",""show_publishdate_item"":"""",""items_show_cart_button_item"":"""",""show_intro_desc_item"":"""",""show_navigation"":"""",""related_items_columns"":"""",""related_items_count"":""""}",,"0000-00-00 00:00:00","2015-06-08 08:31:43",586,"0000-00-00 00:00:00","0000-00-00 00:00:00",PEDAL,,
133,,25,,YP-110,en-yp-110,,"<p>Sapience Alloy CNC Pedal.</p>
<p>CR-MO AXLE.</p>
<p>2 SEAL BEARING.</p>
<p>Weight: 389g.</p>
<p>Size: 94mmX92mm</p>
<p>Color: Black.</p>
<p>SUGGEST:  MTB / City</p>",,0.00,0.00,,1,,,,1,9,,1,"{""show_contact_form"":"""",""comments"":"""",""price_restrict"":"""",""show_image_item"":"""",""show_category_name_item"":"""",""show_producer_name_item"":"""",""show_price_item"":"""",""show_old_price_item"":"""",""show_author_item"":"""",""show_hits_item"":"""",""show_date_item"":"""",""show_publishdate_item"":"""",""items_show_cart_button_item"":"""",""show_intro_desc_item"":"""",""show_navigation"":"""",""related_items_columns"":"""",""related_items_count"":""""}",,"0000-00-00 00:00:00","2015-06-08 08:33:27",586,"0000-00-00 00:00:00","0000-00-00 00:00:00",PEDAL,,
135,,25,,YP-111,en-yp-111,,"<p>Sapience Alloy CNC Pedal.</p>
<p>CR-MO AXLE.</p>
<p>2 SEAL BEARING.</p>
<p>Weight: 346g.</p>
<p>Size: 94mmX91mm</p>
<p>Color: Black.</p>
<p>SUGGEST:  MTB / City</p>",,0.00,0.00,,1,,,,1,10,,5,"{""show_contact_form"":"""",""comments"":"""",""price_restrict"":"""",""show_image_item"":"""",""show_category_name_item"":"""",""show_producer_name_item"":"""",""show_price_item"":"""",""show_old_price_item"":"""",""show_author_item"":"""",""show_hits_item"":"""",""show_date_item"":"""",""show_publishdate_item"":"""",""items_show_cart_button_item"":"""",""show_intro_desc_item"":"""",""show_navigation"":"""",""related_items_columns"":"""",""related_items_count"":""""}",,"0000-00-00 00:00:00","2015-06-08 08:35:02",586,"0000-00-00 00:00:00","0000-00-00 00:00:00",PEDAL,,
127,,25,,YP-113,en-y-113,,"<p>Sapience Alloy CNC Pedal.</p>
<p>CR-MO AXLE.</p>
<p>2 SEAL BEARING.</p>
<p>Weight: 340g.</p>
<p>Size: 94mmX95mm</p>
<p>Color: Black / Red / Blue / Gold</p>
<p>SUGGEST:  MTB / City</p>",,0.00,0.00,,1,,,,1,7,,6,"{""show_contact_form"":"""",""comments"":"""",""price_restrict"":"""",""show_image_item"":"""",""show_category_name_item"":"""",""show_producer_name_item"":"""",""show_price_item"":"""",""show_old_price_item"":"""",""show_author_item"":"""",""show_hits_item"":"""",""show_date_item"":"""",""show_publishdate_item"":"""",""items_show_cart_button_item"":"""",""show_intro_desc_item"":"""",""show_navigation"":"""",""related_items_columns"":"""",""related_items_count"":""""}",,"0000-00-00 00:00:00","2015-06-08 06:48:46",586,"0000-00-00 00:00:00","0000-00-00 00:00:00",PEDAL,,
111,,25,,YP-114,en-yp-114,,"<p>Sapience Alloy CNC Pedal.</p>
<p>CR-MO AXLE.</p>
<p>2 SEAL BEARING.</p>
<p>Weight: 334g.</p>
<p>Size: 94mmX95mm</p>
<p>Color: Black / Red / Blue / Gold</p>
<p>SUGGEST:  MTB / City</p>",,0.00,0.00,,1,,,,1,6,,6,"{""show_contact_form"":"""",""comments"":"""",""price_restrict"":"""",""show_image_item"":"""",""show_category_name_item"":"""",""show_producer_name_item"":"""",""show_price_item"":"""",""show_old_price_item"":"""",""show_author_item"":"""",""show_hits_item"":"""",""show_date_item"":"""",""show_publishdate_item"":"""",""items_show_cart_button_item"":"""",""show_intro_desc_item"":"""",""show_navigation"":"""",""related_items_columns"":"""",""related_items_count"":""""}",586,"2015-07-01 14:22:04","2015-06-06 03:12:31",586,"0000-00-00 00:00:00","0000-00-00 00:00:00",PEDAL,,sapience
237,,25,,YP-115,en-yp-115,,"<p>Sapience Alloy CNC Pedal.</p>
<p>CR-MO AXLE.</p>
<p>2 SEAL BEARING.</p>
<p>Weight: 380g.</p>
<p>Size: 98mmX105mm</p>
<p>Color: Black / Blue / Red / Gold</p>
<p>SUGGEST:  MTB / City</p>",,0.00,0.00,,1,,,,1,14,,12,"{""show_contact_form"":"""",""comments"":"""",""price_restrict"":"""",""show_image_item"":"""",""show_category_name_item"":"""",""show_producer_name_item"":"""",""show_price_item"":"""",""show_old_price_item"":"""",""show_author_item"":"""",""show_hits_item"":"""",""show_date_item"":"""",""show_publishdate_item"":"""",""items_show_cart_button_item"":"""",""show_intro_desc_item"":"""",""show_navigation"":"""",""related_items_columns"":"""",""related_items_count"":""""}",586,"2015-07-01 14:22:38","2015-06-13 03:26:58",586,"0000-00-00 00:00:00","0000-00-00 00:00:00",PEDAL,,sapience
239,,25,,YP-116,en-yp-116,,,,0.00,0.00,,1,,,,1,16,,7,"{""show_contact_form"":"""",""comments"":"""",""price_restrict"":"""",""show_image_item"":"""",""show_category_name_item"":"""",""show_producer_name_item"":"""",""show_price_item"":"""",""show_old_price_item"":"""",""show_author_item"":"""",""show_hits_item"":"""",""show_date_item"":"""",""show_publishdate_item"":"""",""items_show_cart_button_item"":"""",""show_intro_desc_item"":"""",""show_navigation"":"""",""related_items_columns"":"""",""related_items_count"":""""}",586,"2015-06-13 03:31:31","2015-06-13 03:29:47",586,"0000-00-00 00:00:00","0000-00-00 00:00:00",PEDAL,,sapience
235,,25,,YP-800,en-yp-800,,,,0.00,0.00,,1,,,,1,13,,1,"{""show_contact_form"":"""",""comments"":"""",""price_restrict"":"""",""show_image_item"":"""",""show_category_name_item"":"""",""show_producer_name_item"":"""",""show_price_item"":"""",""show_old_price_item"":"""",""show_author_item"":"""",""show_hits_item"":"""",""show_date_item"":"""",""show_publishdate_item"":"""",""items_show_cart_button_item"":"""",""show_intro_desc_item"":"""",""show_navigation"":"""",""related_items_columns"":"""",""related_items_count"":""""}",,"0000-00-00 00:00:00","2015-06-13 03:23:41",586,"0000-00-00 00:00:00","0000-00-00 00:00:00",PEDAL,,
139,,25,,YP-879,en-yp-879,,,,0.00,0.00,,1,,,,1,11,,2,"{""show_contact_form"":"""",""comments"":"""",""price_restrict"":"""",""show_image_item"":"""",""show_category_name_item"":"""",""show_producer_name_item"":"""",""show_price_item"":"""",""show_old_price_item"":"""",""show_author_item"":"""",""show_hits_item"":"""",""show_date_item"":"""",""show_publishdate_item"":"""",""items_show_cart_button_item"":"""",""show_intro_desc_item"":"""",""show_navigation"":"""",""related_items_columns"":"""",""related_items_count"":""""}",,"0000-00-00 00:00:00","2015-06-08 14:52:37",586,"0000-00-00 00:00:00","0000-00-00 00:00:00",PEDAL,,
